application_type,homeownership,interest_rate,loan_amount
individual,MORTGAGE,14.07,28000
individual,RENT,12.61,5000
individual,RENT,17.09,2000
individual,RENT,6.72,21600
joint,RENT,14.07,23000
individual,OWN,6.72,5000
joint,MORTGAGE,13.59,24000
individual,MORTGAGE,11.99,20000
individual,MORTGAGE,13.59,20000
individual,RENT,6.71,6400
individual,MORTGAGE,15.04,25000
individual,MORTGAGE,9.92,40000
individual,MORTGAGE,13.59,16000
individual,MORTGAGE,9.43,17000
individual,MORTGAGE,19.03,3000
individual,MORTGAGE,19.03,20000
individual,MORTGAGE,19.03,12000
individual,RENT,28.72,30000
individual,MORTGAGE,26.77,5000
individual,MORTGAGE,15.05,20000
individual,MORTGAGE,6.08,7000
joint,MORTGAGE,11.98,10000
individual,MORTGAGE,13.59,21050
individual,MORTGAGE,6.71,3500
individual,RENT,7.96,8000
individual,MORTGAGE,12.61,18000
individual,RENT,11.98,10000
individual,RENT,7.34,3200
individual,RENT,5.32,10000
individual,MORTGAGE,6.07,6000
individual,MORTGAGE,12.62,12000
individual,MORTGAGE,9.44,40000
joint,MORTGAGE,19.03,19000
individual,MORTGAGE,20.39,28000
individual,MORTGAGE,9.93,15000
individual,OWN,6.08,2400
individual,RENT,21.45,10000
joint,MORTGAGE,15.04,24000
individual,RENT,10.42,9500
individual,RENT,12.61,30000
joint,MORTGAGE,18.06,10000
individual,RENT,11.99,15000
individual,RENT,15.05,35000
individual,RENT,15.05,10000
individual,MORTGAGE,12.62,40000
individual,OWN,6.72,15000
individual,MORTGAGE,6.71,20000
individual,RENT,15.05,4500
individual,RENT,9.93,16000
individual,MORTGAGE,10.42,10000
individual,MORTGAGE,22.91,20000
individual,RENT,30.79,20600
individual,RENT,15.05,35000
joint,MORTGAGE,6.07,10000
individual,MORTGAGE,6.07,12000
joint,OWN,17.47,1925
individual,MORTGAGE,7.34,15000
individual,MORTGAGE,13.59,20000
individual,MORTGAGE,6.72,6000
individual,RENT,5.31,10000
individual,MORTGAGE,9.93,25000
individual,OWN,9.92,10000
individual,RENT,9.93,6000
individual,MORTGAGE,14.07,20000
individual,MORTGAGE,7.97,15000
individual,MORTGAGE,5.31,20000
individual,MORTGAGE,9.93,10500
individual,MORTGAGE,14.08,11400
individual,MORTGAGE,12.61,5500
individual,RENT,12.62,5000
individual,OWN,17.47,9600
individual,RENT,12.62,15000
individual,RENT,6.71,10000
individual,RENT,19.42,10450
individual,MORTGAGE,12.62,7200
joint,MORTGAGE,14.08,35000
individual,RENT,10.91,4200
individual,RENT,17.47,2400
individual,MORTGAGE,18.06,12800
joint,MORTGAGE,16.02,8000
individual,MORTGAGE,19.03,30000
individual,MORTGAGE,12.62,7000
individual,MORTGAGE,6.07,25000
individual,MORTGAGE,9.43,40000
individual,MORTGAGE,10.42,24000
individual,OWN,7.96,5000
individual,MORTGAGE,13.59,40000
individual,MORTGAGE,15.04,15000
individual,OWN,12.61,5000
individual,RENT,7.96,7000
individual,RENT,13.58,17450
individual,MORTGAGE,16.01,30000
individual,OWN,22.91,15000
individual,RENT,7.97,20000
individual,RENT,18.06,15000
individual,MORTGAGE,6.08,12000
individual,RENT,5.32,16500
individual,MORTGAGE,5.32,19200
individual,MORTGAGE,9.93,7050
joint,MORTGAGE,20.0,15000
joint,OWN,15.05,11200
individual,RENT,7.96,8000
individual,MORTGAGE,26.77,20000
individual,MORTGAGE,9.44,10800
individual,MORTGAGE,13.59,7200
individual,RENT,15.04,12000
individual,MORTGAGE,5.31,20000
individual,MORTGAGE,14.08,7200
individual,RENT,13.59,6000
individual,RENT,7.97,5000
individual,RENT,9.93,16000
individual,MORTGAGE,6.08,15600
individual,RENT,21.85,10000
individual,RENT,10.42,10000
individual,MORTGAGE,17.47,30000
individual,RENT,10.9,30000
individual,MORTGAGE,6.08,16000
individual,RENT,12.61,20000
joint,MORTGAGE,23.87,6275
individual,OWN,18.06,15000
individual,MORTGAGE,13.59,16000
individual,MORTGAGE,16.02,10000
individual,MORTGAGE,9.93,25000
individual,RENT,9.92,12000
individual,RENT,7.35,6000
individual,OWN,10.91,12000
individual,MORTGAGE,13.59,10000
joint,MORTGAGE,14.07,20000
individual,RENT,7.34,8500
individual,OWN,15.05,36000
joint,RENT,6.72,40000
individual,MORTGAGE,16.01,9000
individual,RENT,7.34,7200
individual,RENT,23.88,6100
joint,OWN,15.05,2250
individual,OWN,6.72,10000
individual,OWN,21.45,25000
individual,MORTGAGE,25.82,16000
individual,RENT,14.08,32000
individual,RENT,15.05,12000
individual,RENT,9.44,10000
individual,MORTGAGE,17.09,2200
individual,RENT,16.01,4800
individual,MORTGAGE,10.9,35000
individual,RENT,12.62,35000
individual,OWN,21.45,10000
joint,MORTGAGE,10.41,2400
individual,RENT,5.32,19600
individual,MORTGAGE,21.85,26000
individual,MORTGAGE,18.06,12000
individual,RENT,5.32,13000
individual,RENT,17.09,11750
individual,MORTGAGE,9.93,30000
individual,RENT,6.08,7000
joint,RENT,17.09,20000
individual,RENT,16.01,35000
individual,MORTGAGE,13.59,10000
individual,OWN,9.92,20000
individual,MORTGAGE,15.04,40000
individual,MORTGAGE,6.71,12000
joint,RENT,17.47,16000
individual,MORTGAGE,11.99,10000
individual,RENT,13.59,10000
individual,MORTGAGE,7.35,15000
individual,MORTGAGE,10.42,24000
individual,MORTGAGE,7.97,40000
individual,MORTGAGE,9.92,25000
joint,MORTGAGE,12.61,32175
individual,MORTGAGE,9.93,25000
individual,RENT,14.07,24000
individual,OWN,14.08,15000
individual,MORTGAGE,12.62,36000
individual,RENT,16.02,20000
joint,MORTGAGE,14.07,30000
individual,MORTGAGE,18.06,11000
individual,RENT,14.08,15000
individual,RENT,16.02,13500
individual,MORTGAGE,11.99,10000
individual,OWN,6.72,25000
individual,MORTGAGE,19.03,25000
individual,OWN,6.71,28000
individual,RENT,6.07,10000
individual,MORTGAGE,7.35,10000
individual,RENT,13.59,10000
individual,RENT,13.59,2500
individual,OWN,5.31,6500
individual,RENT,7.97,10000
joint,MORTGAGE,7.35,14500
individual,RENT,11.99,40000
individual,RENT,16.02,16000
joint,RENT,9.93,14000
individual,RENT,19.42,10000
individual,MORTGAGE,7.96,2400
joint,MORTGAGE,13.59,17000
joint,OWN,12.61,24000
individual,MORTGAGE,19.03,20000
individual,RENT,16.01,30000
individual,OWN,6.72,3600
individual,MORTGAGE,6.07,20000
joint,MORTGAGE,15.05,8000
individual,RENT,6.07,16000
individual,MORTGAGE,13.58,24000
individual,RENT,10.42,2000
individual,RENT,11.98,2000
individual,RENT,9.43,6500
individual,RENT,16.02,8000
individual,RENT,18.06,7000
individual,RENT,12.61,25000
individual,MORTGAGE,14.07,15000
individual,RENT,10.42,35000
individual,RENT,10.42,26000
individual,MORTGAGE,17.47,12000
individual,RENT,10.91,10000
individual,MORTGAGE,5.32,15000
joint,MORTGAGE,9.44,14000
joint,MORTGAGE,9.44,15000
individual,RENT,14.08,10000
individual,RENT,7.35,5000
individual,RENT,12.62,28125
individual,RENT,15.04,10000
individual,MORTGAGE,9.92,10000
individual,MORTGAGE,10.9,40000
individual,RENT,6.72,10000
individual,OWN,5.32,8000
individual,RENT,11.99,35000
individual,MORTGAGE,5.32,20000
individual,OWN,10.41,9000
individual,RENT,14.07,20000
individual,RENT,6.07,3000
joint,RENT,9.93,8000
individual,OWN,11.99,10000
individual,RENT,6.71,5000
individual,MORTGAGE,5.31,15000
individual,RENT,13.59,10000
individual,OWN,10.9,40000
individual,RENT,12.62,3000
individual,RENT,10.42,1500
individual,MORTGAGE,15.05,28000
individual,RENT,6.71,8000
individual,RENT,21.45,20000
individual,MORTGAGE,9.44,40000
individual,MORTGAGE,11.99,11000
individual,RENT,11.99,3300
individual,MORTGAGE,6.07,15000
individual,OWN,5.31,11500
individual,OWN,6.07,16500
individual,RENT,19.42,15000
individual,RENT,21.85,35000
individual,MORTGAGE,14.08,4400
individual,MORTGAGE,18.06,19000
individual,OWN,10.91,3125
individual,MORTGAGE,9.44,20000
individual,OWN,12.62,20000
individual,OWN,9.44,10000
individual,MORTGAGE,6.08,35000
individual,RENT,11.98,14000
individual,OWN,9.92,16000
individual,MORTGAGE,13.59,8000
individual,RENT,10.41,7000
joint,MORTGAGE,9.93,24000
individual,MORTGAGE,7.97,10000
individual,RENT,19.42,2500
individual,MORTGAGE,18.45,25000
individual,MORTGAGE,6.72,5000
joint,MORTGAGE,10.91,9000
individual,RENT,17.47,5000
individual,RENT,10.41,10000
joint,MORTGAGE,6.72,1200
individual,MORTGAGE,9.44,10000
individual,RENT,12.61,6000
individual,RENT,7.96,2500
joint,OWN,10.9,32000
individual,MORTGAGE,21.85,28000
individual,RENT,7.96,10000
individual,MORTGAGE,9.43,35000
individual,MORTGAGE,15.04,25000
individual,MORTGAGE,14.07,15000
individual,MORTGAGE,10.9,16000
individual,MORTGAGE,6.08,20000
individual,RENT,9.93,10000
individual,RENT,12.61,10000
individual,MORTGAGE,10.42,15000
individual,MORTGAGE,30.17,11100
individual,RENT,19.42,24000
individual,OWN,9.43,1950
individual,MORTGAGE,17.47,15000
individual,RENT,7.34,8000
individual,RENT,7.96,8500
individual,MORTGAGE,13.58,12000
joint,OWN,9.43,24000
individual,MORTGAGE,21.85,12475
individual,RENT,21.85,11500
individual,RENT,22.91,1000
individual,MORTGAGE,12.61,15000
individual,MORTGAGE,9.93,13250
individual,MORTGAGE,6.72,10000
individual,RENT,19.42,18000
individual,MORTGAGE,9.92,2400
individual,MORTGAGE,14.07,21700
individual,RENT,10.42,36525
individual,MORTGAGE,7.35,5000
individual,MORTGAGE,6.71,28000
individual,MORTGAGE,12.62,35000
joint,MORTGAGE,21.45,40000
individual,MORTGAGE,16.01,14000
individual,MORTGAGE,16.02,20000
individual,RENT,10.9,7000
individual,MORTGAGE,11.99,20000
individual,RENT,7.34,40000
individual,RENT,12.61,10000
individual,RENT,6.71,8000
individual,RENT,9.43,4000
individual,RENT,13.59,30000
individual,RENT,6.08,20000
individual,MORTGAGE,7.96,24000
individual,RENT,7.35,4000
individual,RENT,10.9,14000
individual,MORTGAGE,6.07,24000
individual,RENT,19.03,2800
individual,MORTGAGE,14.08,32000
individual,MORTGAGE,10.42,12000
individual,MORTGAGE,9.44,9600
individual,MORTGAGE,5.31,9600
individual,RENT,7.97,3500
individual,MORTGAGE,5.32,8000
individual,MORTGAGE,10.91,12000
individual,MORTGAGE,10.91,32400
joint,MORTGAGE,19.03,3600
individual,RENT,12.61,15000
individual,MORTGAGE,13.59,8300
individual,MORTGAGE,5.32,25600
individual,RENT,13.58,20000
individual,MORTGAGE,16.01,27900
individual,MORTGAGE,7.35,4000
individual,MORTGAGE,9.92,1000
individual,MORTGAGE,9.43,24000
individual,MORTGAGE,7.35,40000
individual,MORTGAGE,9.43,22000
individual,RENT,9.44,6400
individual,RENT,17.09,12000
individual,MORTGAGE,18.06,30000
individual,OWN,21.85,12000
individual,RENT,6.72,20000
individual,MORTGAGE,9.43,24000
individual,MORTGAGE,10.42,38400
individual,MORTGAGE,15.04,10000
individual,RENT,18.06,30000
individual,RENT,15.04,9000
individual,RENT,13.59,28000
joint,MORTGAGE,7.35,29000
individual,RENT,15.05,5000
individual,RENT,26.77,26000
joint,MORTGAGE,7.35,25000
individual,OWN,11.98,25000
individual,RENT,13.59,14000
individual,RENT,11.98,6000
individual,RENT,7.35,12000
individual,MORTGAGE,9.92,20000
individual,RENT,14.08,10000
individual,MORTGAGE,9.93,10000
individual,RENT,17.47,5000
individual,MORTGAGE,9.43,10000
individual,OWN,7.97,10000
individual,OWN,9.43,15000
individual,RENT,14.08,17000
individual,MORTGAGE,7.97,19475
individual,RENT,14.07,10000
joint,MORTGAGE,9.93,8000
individual,RENT,10.42,10000
individual,RENT,25.82,16000
individual,MORTGAGE,25.82,14000
individual,MORTGAGE,7.35,11300
individual,MORTGAGE,15.05,15000
individual,RENT,7.96,10000
individual,OWN,13.58,25000
individual,MORTGAGE,16.01,15000
individual,MORTGAGE,7.34,19200
individual,MORTGAGE,6.08,14000
individual,RENT,12.61,13000
individual,MORTGAGE,16.02,28000
individual,MORTGAGE,11.99,26000
individual,RENT,6.08,7000
individual,RENT,30.79,25000
individual,OWN,16.02,20000
individual,RENT,12.61,20000
individual,MORTGAGE,12.61,12000
individual,RENT,14.08,8650
individual,RENT,17.09,7500
individual,MORTGAGE,7.96,21000
individual,OWN,10.42,12000
individual,OWN,7.34,10000
joint,MORTGAGE,9.92,25000
individual,OWN,6.72,8500
individual,RENT,10.42,18000
individual,RENT,6.71,18000
individual,RENT,16.01,9500
joint,MORTGAGE,14.08,20000
individual,RENT,10.9,10000
individual,MORTGAGE,5.31,30000
individual,RENT,17.47,28000
individual,MORTGAGE,9.93,25000
individual,MORTGAGE,9.43,30000
individual,RENT,14.08,40000
individual,RENT,7.97,8000
individual,RENT,7.35,12000
individual,RENT,15.05,12000
individual,RENT,14.07,8000
individual,MORTGAGE,11.99,10000
individual,RENT,5.31,6650
individual,MORTGAGE,5.32,10000
individual,RENT,11.99,5200
joint,RENT,15.04,15525
individual,MORTGAGE,6.72,6000
joint,RENT,7.97,5000
individual,MORTGAGE,5.32,3500
individual,MORTGAGE,22.91,15000
individual,RENT,10.91,21625
individual,MORTGAGE,15.05,11200
individual,MORTGAGE,7.35,40000
individual,MORTGAGE,11.99,10000
individual,RENT,9.93,36000
individual,RENT,20.0,17000
individual,MORTGAGE,13.59,9000
individual,RENT,26.77,28000
individual,RENT,16.01,15000
individual,RENT,5.31,7000
individual,MORTGAGE,21.85,20000
individual,RENT,11.99,1000
individual,MORTGAGE,6.08,7000
individual,RENT,19.03,5000
individual,MORTGAGE,7.35,30000
individual,MORTGAGE,7.96,6000
individual,OWN,20.39,20000
joint,OWN,15.05,20000
individual,MORTGAGE,7.96,12000
individual,RENT,5.32,5000
individual,RENT,14.08,15000
individual,RENT,18.45,15000
individual,OWN,6.72,5000
individual,RENT,17.09,13000
individual,OWN,10.9,17975
individual,RENT,13.58,28275
individual,MORTGAGE,14.08,11000
individual,MORTGAGE,6.72,25000
individual,OWN,9.43,3300
individual,RENT,11.99,30000
individual,RENT,11.98,7200
individual,MORTGAGE,10.42,30000
individual,RENT,11.98,25000
individual,RENT,7.96,20000
individual,MORTGAGE,9.93,4000
individual,RENT,9.43,40000
joint,RENT,10.41,40000
individual,RENT,7.34,13000
individual,RENT,14.07,15000
individual,RENT,10.42,27000
individual,MORTGAGE,7.97,13000
individual,MORTGAGE,21.45,15000
individual,RENT,21.45,3000
individual,MORTGAGE,26.77,21600
individual,MORTGAGE,20.39,35000
individual,RENT,10.42,2500
individual,RENT,17.47,4000
individual,MORTGAGE,7.34,10000
joint,RENT,7.35,6400
individual,RENT,17.09,6900
individual,MORTGAGE,13.59,6000
individual,MORTGAGE,6.07,3000
joint,OWN,9.93,10000
individual,MORTGAGE,9.44,12000
joint,MORTGAGE,11.99,16000
individual,RENT,25.82,30000
joint,RENT,19.03,10800
individual,RENT,10.41,12000
individual,RENT,12.61,6000
individual,MORTGAGE,6.71,6500
individual,RENT,10.42,6000
individual,RENT,18.06,7500
individual,RENT,6.08,10000
individual,RENT,7.97,27500
joint,MORTGAGE,24.85,25875
individual,RENT,15.04,6000
joint,MORTGAGE,21.45,40000
individual,RENT,17.09,2500
individual,RENT,20.0,7000
individual,RENT,9.44,8000
individual,OWN,15.04,12000
individual,MORTGAGE,20.39,15000
individual,RENT,7.97,4000
individual,RENT,11.98,6500
individual,OWN,6.07,40000
joint,MORTGAGE,21.45,32000
individual,RENT,9.44,10000
individual,RENT,9.43,15000
individual,MORTGAGE,21.85,12000
individual,MORTGAGE,11.99,24000
individual,RENT,10.42,15000
individual,RENT,13.59,15000
individual,MORTGAGE,7.35,10000
individual,RENT,6.71,8000
individual,MORTGAGE,9.44,6300
individual,MORTGAGE,6.72,4500
individual,MORTGAGE,7.97,30000
individual,RENT,15.05,12000
individual,MORTGAGE,6.72,16000
individual,OWN,5.32,24000
individual,OWN,17.47,15000
individual,MORTGAGE,15.05,15000
individual,OWN,10.91,14000
individual,RENT,21.45,35000
individual,MORTGAGE,5.32,12000
individual,MORTGAGE,12.62,35000
individual,MORTGAGE,12.61,10000
individual,RENT,10.91,5000
individual,MORTGAGE,5.32,36500
individual,MORTGAGE,7.96,4800
joint,MORTGAGE,11.99,25000
joint,MORTGAGE,6.08,20000
individual,MORTGAGE,13.58,2400
individual,RENT,7.35,6000
individual,MORTGAGE,7.97,20000
individual,MORTGAGE,10.42,24000
individual,RENT,6.71,15000
individual,MORTGAGE,5.31,20000
individual,RENT,12.61,11000
individual,MORTGAGE,25.82,7500
individual,MORTGAGE,18.06,14800
individual,RENT,9.44,20000
individual,RENT,19.03,10000
individual,MORTGAGE,5.32,22000
individual,MORTGAGE,11.99,10000
individual,RENT,7.96,13000
joint,MORTGAGE,18.45,32000
joint,MORTGAGE,28.72,32000
individual,MORTGAGE,9.92,20000
joint,RENT,7.96,2050
individual,OWN,13.58,12000
individual,RENT,7.34,12000
individual,OWN,9.43,12000
individual,MORTGAGE,15.05,5400
individual,RENT,11.98,6000
individual,RENT,13.59,7400
individual,RENT,14.08,8000
individual,RENT,14.07,12000
individual,OWN,16.01,10000
joint,MORTGAGE,9.43,40000
individual,RENT,9.93,9500
individual,OWN,12.61,15000
individual,RENT,14.08,14000
individual,MORTGAGE,16.02,10000
individual,MORTGAGE,19.03,35000
joint,RENT,9.93,11500
joint,MORTGAGE,7.96,21975
individual,MORTGAGE,10.91,12000
individual,RENT,18.06,23000
individual,RENT,5.31,10000
individual,MORTGAGE,11.98,40000
individual,RENT,21.85,20000
individual,MORTGAGE,7.35,10000
joint,MORTGAGE,9.93,40000
individual,OWN,6.08,15000
individual,OWN,16.01,8000
individual,RENT,10.9,6025
individual,RENT,7.35,30000
joint,RENT,9.93,20000
individual,MORTGAGE,6.72,35000
individual,MORTGAGE,9.92,12000
individual,RENT,21.45,15000
individual,RENT,21.85,13000
individual,MORTGAGE,20.0,20000
individual,OWN,10.9,1600
individual,OWN,13.58,6000
individual,OWN,21.85,30000
individual,OWN,10.9,15000
individual,RENT,10.42,3000
joint,MORTGAGE,22.91,39600
individual,OWN,12.62,5000
individual,MORTGAGE,14.07,18875
joint,MORTGAGE,15.05,40000
individual,MORTGAGE,9.93,15000
individual,RENT,16.01,6000
individual,MORTGAGE,12.62,12500
individual,MORTGAGE,7.35,9500
individual,MORTGAGE,15.04,13000
joint,RENT,9.44,20000
individual,MORTGAGE,16.01,35000
individual,RENT,10.9,7000
individual,RENT,6.72,16700
individual,RENT,9.93,15000
individual,MORTGAGE,11.99,40000
individual,MORTGAGE,9.93,24000
individual,RENT,10.41,4000
individual,MORTGAGE,13.59,35000
joint,MORTGAGE,15.05,9525
individual,RENT,14.08,13500
individual,RENT,19.03,20000
individual,RENT,6.08,10000
individual,OWN,11.99,3500
individual,MORTGAGE,5.31,9000
joint,MORTGAGE,12.62,15000
individual,RENT,13.59,5000
individual,RENT,13.59,5000
individual,OWN,11.98,2200
individual,MORTGAGE,14.08,10000
individual,RENT,15.05,2000
individual,RENT,12.62,6025
individual,MORTGAGE,10.9,28000
individual,MORTGAGE,10.9,10000
individual,RENT,6.72,38400
individual,OWN,9.92,40000
joint,RENT,16.02,18000
individual,RENT,9.43,10000
individual,OWN,11.99,27000
individual,RENT,13.59,15000
individual,RENT,6.72,24000
individual,RENT,13.58,10000
individual,OWN,9.92,6250
individual,MORTGAGE,10.41,25000
individual,RENT,10.91,4000
joint,RENT,12.61,36000
individual,MORTGAGE,10.91,12000
individual,RENT,6.07,20000
individual,RENT,10.42,20000
individual,MORTGAGE,9.43,16000
joint,MORTGAGE,6.08,21000
individual,MORTGAGE,10.91,20000
individual,OWN,6.07,7200
joint,RENT,9.44,22000
individual,RENT,16.02,10000
individual,MORTGAGE,10.42,8500
joint,MORTGAGE,9.44,15000
individual,RENT,7.34,5000
individual,MORTGAGE,19.42,30000
individual,RENT,15.05,21000
individual,MORTGAGE,16.02,20000
individual,RENT,16.02,21600
individual,RENT,14.07,28000
individual,MORTGAGE,10.41,35000
individual,MORTGAGE,14.08,5000
individual,MORTGAGE,11.99,6000
individual,RENT,10.42,25000
joint,MORTGAGE,13.59,15000
joint,MORTGAGE,6.08,8000
joint,MORTGAGE,6.71,35200
individual,MORTGAGE,10.42,6000
individual,OWN,7.34,6000
individual,RENT,17.47,10000
individual,OWN,9.93,35000
individual,MORTGAGE,17.09,35000
individual,MORTGAGE,12.62,24000
individual,RENT,21.45,15000
individual,RENT,7.97,2000
individual,MORTGAGE,9.93,40000
individual,RENT,7.96,7500
individual,OWN,6.72,10000
individual,OWN,16.01,24000
individual,RENT,7.96,10000
individual,MORTGAGE,10.42,9500
individual,MORTGAGE,6.08,11500
individual,OWN,6.72,18000
individual,MORTGAGE,5.31,10000
joint,MORTGAGE,10.42,6000
individual,MORTGAGE,25.81,30000
individual,RENT,7.35,15000
individual,MORTGAGE,10.9,14000
individual,OWN,5.32,9500
individual,MORTGAGE,16.02,10000
joint,RENT,9.92,6000
individual,RENT,6.71,30000
individual,RENT,14.08,10000
individual,RENT,9.44,12000
individual,MORTGAGE,16.02,16000
individual,MORTGAGE,10.42,24000
individual,RENT,7.97,4000
individual,MORTGAGE,16.02,8500
individual,MORTGAGE,9.43,3100
individual,MORTGAGE,11.98,20000
individual,OWN,10.9,25000
individual,RENT,6.71,21000
individual,RENT,6.71,8000
individual,MORTGAGE,19.03,30000
individual,MORTGAGE,23.88,20400
individual,MORTGAGE,10.9,2500
individual,RENT,19.03,15000
individual,RENT,6.72,10000
individual,RENT,9.44,16000
individual,RENT,5.31,9000
individual,MORTGAGE,14.07,24000
individual,MORTGAGE,13.58,7000
individual,MORTGAGE,14.08,10000
individual,RENT,9.43,5000
individual,OWN,10.91,17000
individual,RENT,16.02,4000
individual,RENT,18.06,18000
individual,MORTGAGE,5.31,9000
individual,RENT,11.99,18300
individual,MORTGAGE,28.72,16000
individual,MORTGAGE,16.01,15600
individual,RENT,10.91,6000
joint,RENT,12.62,24000
individual,RENT,22.91,10000
individual,OWN,17.09,7500
individual,MORTGAGE,10.42,16000
individual,MORTGAGE,7.97,12150
individual,MORTGAGE,14.08,10000
individual,RENT,7.34,10000
individual,MORTGAGE,7.34,29500
individual,OWN,11.99,10000
individual,RENT,11.99,12800
individual,MORTGAGE,10.91,6000
individual,MORTGAGE,9.44,25000
individual,RENT,6.72,6000
joint,RENT,18.45,32000
individual,MORTGAGE,10.42,16800
individual,RENT,17.09,16000
individual,RENT,16.01,10000
individual,OWN,15.04,10000
individual,MORTGAGE,30.17,10000
joint,RENT,7.97,8000
individual,OWN,9.44,12000
joint,OWN,12.61,10000
individual,RENT,16.02,23000
individual,MORTGAGE,14.08,40000
individual,MORTGAGE,10.91,22900
individual,MORTGAGE,17.47,13500
joint,MORTGAGE,17.09,30000
individual,MORTGAGE,17.47,20000
individual,OWN,10.42,24000
individual,MORTGAGE,10.91,6000
individual,MORTGAGE,6.07,10000
individual,RENT,16.02,11000
individual,MORTGAGE,22.91,16000
individual,RENT,11.99,5775
individual,RENT,12.61,10000
individual,RENT,19.03,16000
individual,RENT,15.04,35000
joint,RENT,6.07,40000
individual,MORTGAGE,14.08,12000
joint,MORTGAGE,10.9,14000
individual,MORTGAGE,6.07,8000
individual,RENT,10.91,14000
individual,OWN,6.72,18000
joint,MORTGAGE,9.44,20000
individual,RENT,25.81,35000
individual,OWN,12.61,6025
individual,RENT,12.61,10000
individual,OWN,7.35,6000
individual,MORTGAGE,20.0,25000
individual,MORTGAGE,24.84,24000
individual,RENT,6.08,5400
individual,RENT,11.99,5000
individual,MORTGAGE,9.44,22250
individual,MORTGAGE,5.32,10000
individual,MORTGAGE,9.92,27000
individual,RENT,21.45,4000
individual,MORTGAGE,12.61,16000
individual,MORTGAGE,14.08,4000
individual,MORTGAGE,10.9,9600
individual,RENT,15.05,7000
individual,RENT,11.98,8000
individual,RENT,10.91,15775
individual,MORTGAGE,14.07,2000
individual,OWN,17.09,14000
individual,RENT,30.75,16175
individual,RENT,29.69,16000
individual,MORTGAGE,11.98,7500
individual,MORTGAGE,5.32,10000
individual,MORTGAGE,13.59,24000
individual,MORTGAGE,15.05,16000
individual,MORTGAGE,14.08,28000
individual,MORTGAGE,19.03,16000
joint,MORTGAGE,13.59,26650
individual,MORTGAGE,12.61,7625
individual,RENT,18.06,10000
joint,MORTGAGE,14.08,9800
joint,MORTGAGE,18.06,16000
joint,RENT,6.07,40000
individual,MORTGAGE,11.99,4800
individual,RENT,5.31,40000
individual,RENT,10.42,15000
individual,RENT,6.08,3600
individual,MORTGAGE,18.06,10000
individual,MORTGAGE,15.05,4000
individual,MORTGAGE,6.72,8000
individual,OWN,12.62,8000
individual,RENT,6.07,20000
joint,MORTGAGE,5.32,6000
individual,MORTGAGE,7.34,3000
individual,MORTGAGE,9.93,12000
joint,MORTGAGE,15.04,30000
individual,MORTGAGE,6.07,35000
individual,MORTGAGE,10.41,15000
individual,MORTGAGE,5.32,40000
individual,RENT,16.01,10000
individual,RENT,28.72,28000
individual,RENT,7.35,5000
individual,MORTGAGE,5.31,16500
individual,RENT,6.72,23000
joint,MORTGAGE,7.97,7000
joint,MORTGAGE,15.04,21000
individual,RENT,21.45,12000
individual,RENT,14.07,12000
individual,OWN,6.72,20000
individual,OWN,11.99,7000
individual,RENT,10.9,15000
individual,MORTGAGE,6.72,10400
individual,RENT,9.92,8000
individual,OWN,7.97,20000
individual,OWN,7.34,10000
individual,RENT,9.92,3800
individual,MORTGAGE,9.43,40000
individual,OWN,10.42,4375
individual,OWN,16.02,14400
individual,OWN,6.08,6000
individual,RENT,20.39,10000
individual,MORTGAGE,13.59,8000
joint,MORTGAGE,9.44,19200
individual,RENT,10.42,3000
individual,MORTGAGE,9.92,12000
individual,RENT,11.99,19200
individual,MORTGAGE,6.72,13500
individual,MORTGAGE,18.06,35000
joint,MORTGAGE,9.93,40000
individual,RENT,10.42,10000
individual,RENT,14.08,4000
individual,MORTGAGE,9.43,36000
individual,MORTGAGE,16.02,8000
individual,RENT,6.72,10000
individual,RENT,9.43,7000
individual,MORTGAGE,7.35,10000
individual,RENT,6.08,16500
individual,RENT,6.08,8000
individual,RENT,10.91,16800
individual,MORTGAGE,17.09,10000
individual,MORTGAGE,19.42,10000
joint,RENT,11.99,25000
joint,MORTGAGE,13.58,10000
individual,MORTGAGE,11.99,12000
individual,RENT,13.59,10800
individual,RENT,9.44,8500
individual,MORTGAGE,17.09,10000
individual,RENT,11.98,10800
joint,MORTGAGE,20.39,36000
individual,MORTGAGE,26.3,17950
individual,MORTGAGE,13.59,20000
individual,OWN,9.93,20000
individual,RENT,10.41,6000
individual,MORTGAGE,12.62,7000
individual,RENT,17.09,3000
individual,RENT,6.07,6000
individual,MORTGAGE,24.85,28000
individual,OWN,10.91,10000
individual,MORTGAGE,5.31,5000
individual,RENT,6.08,40000
individual,MORTGAGE,6.07,4000
individual,MORTGAGE,9.43,22000
joint,RENT,14.07,8000
individual,MORTGAGE,17.09,10000
individual,MORTGAGE,11.98,25200
individual,RENT,14.07,30000
individual,MORTGAGE,9.92,12000
individual,MORTGAGE,5.32,10000
individual,RENT,16.02,10000
individual,MORTGAGE,17.47,35000
individual,MORTGAGE,9.43,25600
joint,RENT,16.02,30000
joint,MORTGAGE,9.93,25000
individual,MORTGAGE,9.93,29825
individual,RENT,9.93,20000
individual,MORTGAGE,10.9,24000
individual,OWN,10.42,20000
individual,MORTGAGE,11.99,7500
individual,RENT,26.3,10000
joint,OWN,9.43,10000
individual,OWN,7.97,29600
individual,OWN,11.98,6100
joint,MORTGAGE,15.04,25000
joint,MORTGAGE,7.97,24000
individual,OWN,14.08,10000
joint,RENT,19.03,13000
individual,MORTGAGE,7.96,8000
individual,OWN,9.44,18000
individual,OWN,11.99,8000
individual,MORTGAGE,13.59,20000
individual,OWN,7.97,9000
individual,RENT,16.02,25000
individual,MORTGAGE,12.62,30000
individual,RENT,5.32,7000
individual,RENT,7.97,15000
individual,OWN,12.61,30000
individual,RENT,11.98,15000
joint,MORTGAGE,16.01,16000
joint,OWN,18.45,16800
individual,OWN,10.9,11200
individual,RENT,9.92,11000
individual,OWN,12.61,27000
individual,RENT,11.99,30000
individual,MORTGAGE,9.43,28000
joint,OWN,10.9,17600
individual,OWN,20.39,18000
individual,MORTGAGE,9.44,19000
joint,MORTGAGE,9.44,28800
individual,MORTGAGE,12.61,18000
individual,RENT,16.01,15000
joint,MORTGAGE,12.61,16000
individual,MORTGAGE,10.9,10000
individual,RENT,6.71,10000
individual,OWN,9.43,10000
individual,RENT,10.41,10000
individual,RENT,10.9,20000
individual,RENT,16.02,11000
individual,MORTGAGE,14.08,21275
individual,RENT,10.91,5000
individual,OWN,7.34,18000
joint,MORTGAGE,9.92,31100
individual,RENT,23.88,8000
individual,MORTGAGE,10.9,5500
individual,MORTGAGE,12.62,6675
individual,MORTGAGE,9.93,20000
individual,MORTGAGE,6.72,5000
individual,RENT,21.45,18000
joint,MORTGAGE,13.59,15000
individual,RENT,6.72,2000
individual,RENT,15.04,14000
individual,RENT,7.97,6000
joint,MORTGAGE,13.59,16000
individual,RENT,9.44,6000
joint,RENT,10.41,5200
individual,RENT,6.72,1000
individual,MORTGAGE,7.96,3500
joint,OWN,9.44,8000
individual,OWN,10.91,4200
individual,RENT,18.45,10400
individual,OWN,13.58,3500
individual,RENT,9.93,12000
individual,MORTGAGE,9.44,15500
individual,MORTGAGE,15.05,25000
individual,RENT,12.62,20000
individual,RENT,10.42,10000
individual,RENT,9.44,6000
individual,RENT,10.9,18000
individual,RENT,6.72,10000
individual,MORTGAGE,26.77,24000
individual,MORTGAGE,12.61,9000
individual,RENT,7.35,11000
individual,RENT,6.07,5000
joint,MORTGAGE,6.72,15000
individual,MORTGAGE,10.91,40000
individual,RENT,21.45,18000
joint,MORTGAGE,11.99,27200
joint,MORTGAGE,12.61,30000
individual,RENT,7.34,7500
individual,RENT,15.05,7000
individual,RENT,7.35,15000
individual,MORTGAGE,6.08,40000
individual,RENT,11.98,40000
individual,MORTGAGE,21.45,7500
individual,MORTGAGE,6.71,20000
joint,MORTGAGE,9.93,25800
joint,MORTGAGE,10.9,12000
individual,MORTGAGE,6.07,7000
individual,RENT,6.07,8000
individual,MORTGAGE,7.34,25200
individual,OWN,12.62,12000
joint,MORTGAGE,18.45,7775
individual,MORTGAGE,6.71,13000
individual,OWN,15.04,20000
individual,MORTGAGE,7.35,6500
individual,RENT,11.99,24000
individual,MORTGAGE,6.72,4000
individual,RENT,6.72,32000
individual,OWN,20.0,28000
individual,RENT,6.71,20000
individual,MORTGAGE,6.08,3025
individual,MORTGAGE,7.96,9000
individual,OWN,6.07,25000
individual,RENT,7.34,30000
individual,RENT,9.93,16000
individual,MORTGAGE,10.91,25000
individual,RENT,16.02,17000
individual,RENT,17.47,18000
individual,RENT,15.04,33600
individual,MORTGAGE,6.08,24725
individual,MORTGAGE,21.85,9000
individual,MORTGAGE,16.01,20000
individual,RENT,10.91,5000
individual,MORTGAGE,15.05,12000
individual,OWN,10.41,15000
individual,RENT,7.97,8000
individual,MORTGAGE,18.06,3000
individual,MORTGAGE,9.92,10000
individual,RENT,9.44,3600
individual,MORTGAGE,9.93,40000
individual,MORTGAGE,10.41,25000
individual,RENT,6.71,12000
individual,RENT,9.44,10000
individual,RENT,9.93,10000
individual,MORTGAGE,5.31,16000
individual,MORTGAGE,10.9,25000
individual,RENT,23.87,4800
individual,MORTGAGE,5.32,20000
individual,RENT,18.06,15000
individual,MORTGAGE,22.9,9300
individual,MORTGAGE,9.93,21000
individual,OWN,5.31,13000
joint,OWN,19.42,9600
individual,MORTGAGE,26.3,35000
individual,RENT,21.45,12000
joint,MORTGAGE,26.3,6050
individual,MORTGAGE,6.72,4000
joint,MORTGAGE,7.97,16000
joint,MORTGAGE,21.45,16000
joint,MORTGAGE,6.71,12000
individual,OWN,5.32,12000
individual,RENT,6.71,6000
joint,RENT,15.05,9600
individual,RENT,17.09,26500
individual,RENT,10.41,4000
joint,RENT,9.43,5000
joint,MORTGAGE,11.98,20000
individual,MORTGAGE,18.45,15000
individual,MORTGAGE,7.97,6000
individual,MORTGAGE,11.98,15000
individual,MORTGAGE,9.44,9000
joint,MORTGAGE,11.98,40000
individual,MORTGAGE,7.97,1000
individual,MORTGAGE,5.32,10000
individual,RENT,24.84,4600
joint,MORTGAGE,20.39,14000
individual,MORTGAGE,9.93,20000
individual,MORTGAGE,6.08,8000
individual,RENT,11.99,10000
individual,OWN,12.62,14000
individual,RENT,6.72,5000
individual,RENT,7.97,2000
joint,MORTGAGE,7.34,12800
individual,MORTGAGE,12.62,25000
individual,OWN,6.08,6000
individual,MORTGAGE,10.91,6500
individual,MORTGAGE,10.41,15600
joint,MORTGAGE,10.9,17000
individual,RENT,14.08,9800
individual,RENT,21.45,20000
individual,MORTGAGE,12.62,27000
individual,RENT,13.58,10000
individual,RENT,7.96,10000
individual,RENT,20.0,15000
individual,OWN,15.04,14000
individual,RENT,6.08,3500
individual,MORTGAGE,20.0,35000
joint,MORTGAGE,16.01,10000
individual,MORTGAGE,13.59,5000
individual,MORTGAGE,10.42,24000
individual,RENT,16.02,8000
individual,RENT,11.99,26000
joint,MORTGAGE,7.34,25000
joint,OWN,20.0,15000
individual,OWN,11.98,10000
individual,RENT,6.72,16000
individual,RENT,7.96,40000
individual,RENT,17.47,8800
individual,RENT,7.97,6500
individual,RENT,19.03,15000
individual,OWN,7.96,40000
joint,RENT,18.06,35000
joint,MORTGAGE,17.09,7000
individual,OWN,18.06,8000
individual,RENT,12.61,3500
individual,RENT,10.42,10000
individual,MORTGAGE,16.02,10000
individual,MORTGAGE,9.92,13000
individual,MORTGAGE,10.41,10000
individual,RENT,15.05,6050
individual,RENT,10.41,9600
individual,OWN,12.62,14000
individual,RENT,6.08,16000
individual,RENT,18.06,10000
individual,OWN,11.98,15000
joint,RENT,14.07,21000
individual,MORTGAGE,7.97,10000
individual,OWN,11.98,6000
individual,MORTGAGE,10.9,14425
individual,RENT,6.72,10000
joint,MORTGAGE,14.07,35000
individual,RENT,25.82,22000
individual,MORTGAGE,12.62,12000
individual,OWN,10.91,8000
joint,RENT,26.77,21000
individual,MORTGAGE,5.32,36000
individual,MORTGAGE,10.41,14000
individual,RENT,18.06,7475
individual,OWN,9.44,2800
individual,RENT,10.41,18000
individual,MORTGAGE,17.09,16000
joint,RENT,9.44,12000
individual,RENT,21.45,10000
individual,RENT,9.43,40000
individual,RENT,9.93,5000
individual,MORTGAGE,13.59,17000
individual,RENT,6.72,10000
individual,OWN,26.3,16000
individual,RENT,21.85,30000
individual,RENT,15.04,20000
individual,RENT,10.41,20800
individual,RENT,6.71,24000
individual,RENT,7.35,3800
individual,MORTGAGE,6.07,9500
individual,RENT,13.59,30000
individual,RENT,5.32,5075
individual,MORTGAGE,13.58,20000
joint,MORTGAGE,24.84,30000
individual,RENT,21.45,15000
joint,MORTGAGE,7.96,15000
individual,RENT,21.45,10000
individual,RENT,7.35,10000
individual,RENT,10.91,16000
individual,OWN,17.47,11200
individual,MORTGAGE,10.42,6000
joint,MORTGAGE,6.71,15000
individual,MORTGAGE,7.35,10000
individual,MORTGAGE,28.72,30000
individual,MORTGAGE,17.09,12000
individual,RENT,15.05,13000
individual,RENT,14.08,10000
individual,RENT,16.02,6000
individual,MORTGAGE,16.02,18000
individual,MORTGAGE,12.61,15000
individual,RENT,5.32,5000
individual,RENT,17.47,12000
individual,RENT,17.47,20000
joint,MORTGAGE,17.09,16000
joint,MORTGAGE,21.85,35000
individual,OWN,15.04,14000
individual,MORTGAGE,11.98,40000
individual,MORTGAGE,10.42,16450
individual,MORTGAGE,9.43,6500
individual,MORTGAGE,18.45,8000
joint,MORTGAGE,20.0,20000
individual,RENT,5.32,7800
individual,MORTGAGE,6.08,6000
individual,MORTGAGE,15.04,6300
individual,RENT,15.04,4000
joint,RENT,13.59,2750
individual,MORTGAGE,9.92,22000
individual,RENT,12.62,22000
individual,RENT,14.08,10000
individual,RENT,25.81,10275
individual,MORTGAGE,18.45,35000
individual,RENT,7.97,3600
individual,MORTGAGE,9.92,40000
individual,RENT,13.59,20000
individual,MORTGAGE,11.98,26000
individual,RENT,13.59,10000
individual,RENT,16.02,12900
individual,RENT,15.05,15000
individual,RENT,10.9,7200
individual,MORTGAGE,15.04,28000
joint,RENT,15.04,36400
individual,RENT,11.98,12500
individual,RENT,7.96,15000
individual,OWN,9.92,6000
joint,MORTGAGE,14.08,20000
individual,OWN,6.08,20000
individual,MORTGAGE,12.61,10000
individual,MORTGAGE,16.02,10000
individual,RENT,5.31,20000
individual,RENT,6.08,5000
individual,MORTGAGE,18.45,6000
joint,MORTGAGE,9.44,32000
individual,RENT,6.07,12000
individual,MORTGAGE,9.44,40000
joint,RENT,16.02,17000
individual,RENT,6.07,10000
individual,RENT,25.82,30000
joint,OWN,15.05,3500
individual,MORTGAGE,6.07,8000
joint,MORTGAGE,7.97,30000
individual,MORTGAGE,11.99,21500
individual,OWN,18.45,30000
individual,MORTGAGE,9.92,6600
individual,MORTGAGE,13.59,21600
joint,RENT,9.43,22000
individual,MORTGAGE,16.01,20000
individual,RENT,11.98,19000
individual,MORTGAGE,10.91,9600
individual,OWN,6.71,12000
individual,MORTGAGE,11.98,3000
individual,RENT,11.99,9000
individual,RENT,9.92,16000
joint,OWN,11.98,12850
individual,MORTGAGE,6.08,15000
individual,RENT,6.08,18000
individual,OWN,7.96,10000
joint,RENT,9.93,12000
individual,RENT,6.71,8250
individual,MORTGAGE,10.91,28000
individual,MORTGAGE,19.03,35000
individual,MORTGAGE,9.93,8000
individual,MORTGAGE,7.34,15000
individual,RENT,15.04,8000
individual,RENT,18.45,13000
joint,MORTGAGE,9.44,28500
individual,MORTGAGE,6.08,17000
individual,RENT,7.35,22400
individual,MORTGAGE,13.59,4000
joint,MORTGAGE,17.09,35950
individual,MORTGAGE,10.91,35000
individual,MORTGAGE,13.59,5000
individual,RENT,5.32,3900
individual,MORTGAGE,10.91,11000
individual,RENT,16.01,14400
joint,OWN,10.42,40000
individual,MORTGAGE,9.43,2500
individual,MORTGAGE,9.43,14400
individual,RENT,6.07,7150
individual,MORTGAGE,11.99,22000
individual,MORTGAGE,10.42,5000
individual,MORTGAGE,14.07,32000
joint,MORTGAGE,13.59,25600
individual,MORTGAGE,10.9,10700
joint,RENT,14.08,24000
individual,MORTGAGE,11.98,32000
individual,MORTGAGE,11.99,24000
individual,MORTGAGE,11.99,30000
individual,RENT,6.71,4200
individual,MORTGAGE,9.92,40000
individual,OWN,10.9,15000
individual,MORTGAGE,9.93,12000
individual,OWN,11.99,12000
individual,MORTGAGE,5.32,25000
individual,OWN,18.45,10000
individual,RENT,6.07,25000
individual,RENT,11.98,3200
individual,MORTGAGE,10.9,15000
individual,RENT,11.98,8500
individual,MORTGAGE,12.62,35000
individual,MORTGAGE,10.9,18000
individual,MORTGAGE,5.32,10000
individual,RENT,11.98,4000
individual,MORTGAGE,19.03,30000
joint,MORTGAGE,6.07,8500
individual,MORTGAGE,13.59,4000
individual,RENT,12.61,8000
individual,RENT,14.07,35000
individual,OWN,12.62,35000
individual,MORTGAGE,21.45,14000
individual,RENT,23.88,17000
individual,MORTGAGE,9.44,12000
individual,MORTGAGE,6.08,10000
individual,RENT,21.85,6300
individual,RENT,7.34,20000
individual,OWN,14.07,8400
joint,MORTGAGE,11.99,30000
individual,RENT,7.97,3600
individual,MORTGAGE,11.98,8000
joint,MORTGAGE,17.47,24000
individual,MORTGAGE,23.87,20000
individual,RENT,7.35,30000
individual,RENT,16.02,20000
individual,MORTGAGE,10.9,5000
individual,MORTGAGE,12.61,25000
individual,MORTGAGE,14.08,10500
individual,MORTGAGE,9.92,6000
individual,OWN,15.05,16000
individual,MORTGAGE,9.43,8000
individual,RENT,6.07,10000
individual,RENT,6.08,12000
individual,MORTGAGE,6.08,25000
individual,MORTGAGE,10.9,40000
individual,RENT,13.58,23000
individual,RENT,18.45,35000
individual,RENT,7.35,5000
individual,RENT,6.72,40000
individual,RENT,16.02,8000
individual,MORTGAGE,10.42,5000
individual,OWN,14.08,27000
joint,MORTGAGE,13.58,27000
joint,MORTGAGE,7.97,15000
individual,MORTGAGE,10.91,6700
individual,RENT,9.44,12000
individual,MORTGAGE,16.01,13550
individual,MORTGAGE,10.42,15000
individual,MORTGAGE,17.47,20000
individual,MORTGAGE,18.06,12000
joint,MORTGAGE,11.99,38500
individual,RENT,11.98,4350
individual,RENT,15.04,11000
individual,RENT,7.35,6000
joint,RENT,9.44,10000
individual,RENT,9.92,30000
joint,RENT,11.98,10000
individual,MORTGAGE,10.42,19000
individual,OWN,7.35,13000
individual,RENT,9.44,4000
joint,RENT,9.43,9000
joint,RENT,18.06,30000
individual,MORTGAGE,21.85,20000
joint,MORTGAGE,9.93,10000
individual,MORTGAGE,20.39,21000
individual,OWN,7.34,7000
individual,RENT,15.05,7500
individual,MORTGAGE,10.9,20400
joint,OWN,20.39,1000
individual,RENT,24.85,15000
individual,RENT,7.35,21000
individual,MORTGAGE,9.44,22000
individual,MORTGAGE,17.47,10000
individual,RENT,10.91,12525
individual,MORTGAGE,9.44,2000
individual,MORTGAGE,6.71,25000
individual,RENT,15.04,14000
individual,MORTGAGE,10.41,35000
individual,MORTGAGE,13.59,13000
individual,RENT,11.99,20000
individual,MORTGAGE,20.0,5000
individual,MORTGAGE,12.62,26000
individual,RENT,6.71,14000
individual,MORTGAGE,11.98,1300
individual,RENT,7.35,3700
joint,RENT,12.62,36000
individual,MORTGAGE,11.99,19200
individual,RENT,11.98,22000
individual,RENT,18.06,9800
individual,MORTGAGE,12.61,12000
individual,OWN,17.47,28500
individual,RENT,15.05,25000
individual,OWN,9.43,6000
individual,OWN,5.31,3500
individual,RENT,10.41,12000
individual,RENT,15.05,4500
joint,MORTGAGE,7.35,15000
individual,MORTGAGE,19.03,10000
joint,MORTGAGE,10.41,5000
individual,MORTGAGE,10.91,5600
individual,RENT,7.97,12000
individual,OWN,9.93,8800
individual,OWN,12.62,25000
individual,MORTGAGE,12.62,10000
individual,MORTGAGE,18.06,15000
individual,RENT,6.71,12000
individual,MORTGAGE,6.07,20000
individual,MORTGAGE,18.06,2600
individual,MORTGAGE,5.32,20000
individual,MORTGAGE,13.59,33550
individual,MORTGAGE,7.96,3000
individual,MORTGAGE,9.43,40000
individual,MORTGAGE,5.31,6000
joint,MORTGAGE,6.07,40000
individual,MORTGAGE,21.45,15000
individual,RENT,7.35,20000
individual,OWN,11.98,16000
joint,MORTGAGE,7.34,14000
individual,MORTGAGE,6.07,20000
individual,MORTGAGE,12.61,20000
individual,MORTGAGE,7.34,10000
individual,RENT,9.93,3000
individual,MORTGAGE,9.44,15000
individual,MORTGAGE,18.45,11200
individual,MORTGAGE,6.07,20000
individual,RENT,11.99,3000
individual,MORTGAGE,9.44,8500
individual,MORTGAGE,12.62,3000
individual,MORTGAGE,11.98,28950
individual,MORTGAGE,12.61,30000
joint,RENT,5.32,20000
individual,MORTGAGE,12.61,35000
individual,MORTGAGE,9.44,17000
individual,MORTGAGE,15.04,7500
individual,MORTGAGE,6.71,2500
individual,MORTGAGE,7.35,15000
joint,MORTGAGE,6.07,36000
individual,RENT,15.04,5000
individual,RENT,9.92,25000
individual,RENT,16.01,20000
individual,MORTGAGE,6.72,5250
individual,RENT,15.05,4500
individual,RENT,22.91,1000
individual,MORTGAGE,28.72,18000
individual,MORTGAGE,6.71,35000
individual,RENT,10.42,10000
individual,RENT,9.93,22000
individual,MORTGAGE,7.35,7000
individual,RENT,26.3,12000
joint,RENT,7.34,10000
individual,RENT,9.43,12000
individual,MORTGAGE,10.41,20000
individual,MORTGAGE,13.58,5000
individual,RENT,14.08,4000
individual,MORTGAGE,9.44,12000
individual,RENT,10.91,10000
individual,MORTGAGE,9.44,9000
individual,RENT,6.08,33000
joint,MORTGAGE,6.71,40000
individual,RENT,10.91,16000
individual,RENT,14.08,35000
individual,OWN,11.98,13975
individual,RENT,5.32,8000
individual,OWN,6.72,35000
individual,MORTGAGE,6.71,25000
individual,RENT,15.05,3500
individual,RENT,10.9,10000
individual,RENT,12.62,11200
joint,MORTGAGE,11.99,30000
individual,MORTGAGE,5.32,10000
individual,RENT,5.32,10000
individual,RENT,19.03,15000
individual,RENT,9.93,7500
individual,MORTGAGE,14.07,22000
individual,RENT,13.58,6000
individual,RENT,5.31,6025
individual,RENT,20.39,10000
individual,RENT,6.71,30000
individual,RENT,13.58,20000
individual,OWN,9.93,10000
individual,MORTGAGE,6.71,12000
individual,RENT,10.91,6100
individual,RENT,7.97,12000
individual,MORTGAGE,10.41,4000
individual,RENT,14.08,6000
individual,MORTGAGE,5.32,30000
individual,MORTGAGE,10.91,9600
individual,OWN,12.62,10500
joint,OWN,9.44,6000
joint,MORTGAGE,16.01,5525
individual,RENT,11.98,5900
individual,RENT,6.07,13600
individual,OWN,17.47,12000
individual,MORTGAGE,10.91,20000
joint,RENT,21.85,23000
individual,OWN,30.79,25000
individual,RENT,7.96,19000
individual,MORTGAGE,10.42,1500
individual,OWN,6.72,15000
individual,RENT,14.07,25000
individual,MORTGAGE,15.05,5600
joint,MORTGAGE,13.59,7000
individual,RENT,12.62,35000
individual,OWN,6.08,8000
joint,RENT,10.91,18000
individual,RENT,16.01,30000
individual,MORTGAGE,9.44,15000
individual,OWN,10.41,4800
joint,MORTGAGE,10.42,21000
joint,MORTGAGE,10.42,12500
individual,MORTGAGE,5.32,13000
joint,MORTGAGE,10.9,28000
individual,OWN,13.59,10300
individual,OWN,9.92,6400
individual,OWN,21.85,10000
individual,MORTGAGE,7.35,2500
individual,RENT,11.99,30000
individual,RENT,24.84,22500
individual,MORTGAGE,6.71,5000
individual,OWN,7.97,40000
joint,RENT,13.59,3600
individual,RENT,12.61,6800
joint,MORTGAGE,15.05,34725
individual,RENT,14.07,35000
joint,MORTGAGE,20.39,30000
individual,RENT,13.59,17000
individual,OWN,10.9,3000
joint,MORTGAGE,10.42,15000
individual,RENT,10.91,24000
individual,RENT,9.92,6000
joint,OWN,12.61,8000
individual,RENT,12.61,16000
joint,MORTGAGE,7.96,30000
joint,MORTGAGE,5.32,40000
joint,OWN,16.02,7000
individual,RENT,9.92,15000
individual,OWN,11.98,12000
individual,RENT,6.08,6000
individual,MORTGAGE,9.44,26650
individual,MORTGAGE,11.98,10000
individual,RENT,20.39,20000
individual,OWN,7.97,10000
individual,RENT,16.02,15000
individual,MORTGAGE,14.07,40000
individual,RENT,21.45,1500
individual,RENT,6.08,3500
individual,MORTGAGE,6.71,21000
individual,MORTGAGE,15.04,14650
individual,RENT,18.45,20000
individual,OWN,18.45,12000
individual,MORTGAGE,13.59,20000
individual,MORTGAGE,13.58,24000
joint,RENT,13.59,30000
individual,RENT,15.05,8000
joint,OWN,7.34,40000
individual,RENT,19.03,15000
individual,RENT,19.42,32000
individual,MORTGAGE,9.92,8500
joint,MORTGAGE,7.97,16000
individual,RENT,9.44,10000
individual,MORTGAGE,7.96,12000
individual,MORTGAGE,15.05,12500
individual,RENT,7.35,1000
individual,RENT,7.35,40000
individual,MORTGAGE,18.06,35000
individual,RENT,13.59,6200
individual,MORTGAGE,6.71,15000
individual,MORTGAGE,6.08,6000
individual,OWN,17.47,5000
individual,MORTGAGE,15.05,40000
individual,MORTGAGE,7.34,19000
individual,RENT,12.61,10000
joint,MORTGAGE,7.35,39600
individual,RENT,9.93,16000
individual,RENT,18.45,6000
individual,RENT,18.06,6000
joint,MORTGAGE,20.39,25000
individual,MORTGAGE,7.35,40000
individual,MORTGAGE,16.02,25200
individual,OWN,5.32,10000
individual,MORTGAGE,12.62,30000
individual,RENT,10.9,30000
individual,MORTGAGE,13.59,35000
individual,MORTGAGE,6.07,25000
individual,MORTGAGE,10.9,5000
individual,OWN,10.9,8000
individual,RENT,16.02,35000
individual,MORTGAGE,7.97,28000
individual,MORTGAGE,6.72,2500
individual,RENT,17.09,5600
individual,MORTGAGE,12.61,13000
individual,MORTGAGE,9.44,14400
individual,RENT,13.59,10100
individual,MORTGAGE,19.03,7400
individual,RENT,9.44,14000
individual,MORTGAGE,9.44,20000
individual,MORTGAGE,16.02,40000
individual,MORTGAGE,14.07,4000
individual,MORTGAGE,6.72,10400
individual,RENT,7.97,16000
individual,OWN,22.91,17550
individual,OWN,17.47,12000
individual,RENT,14.08,7000
individual,RENT,18.06,19000
joint,MORTGAGE,9.93,25000
individual,RENT,23.88,30000
individual,RENT,13.59,1825
individual,MORTGAGE,7.96,8300
individual,MORTGAGE,5.31,10000
individual,MORTGAGE,6.08,7000
individual,RENT,14.08,3500
individual,RENT,7.34,12000
individual,RENT,18.06,10200
individual,MORTGAGE,6.0,8000
individual,MORTGAGE,13.59,13000
individual,MORTGAGE,18.06,11000
individual,RENT,14.07,13000
individual,RENT,13.58,10000
individual,RENT,7.35,4500
individual,RENT,9.43,8500
individual,RENT,21.45,18000
individual,MORTGAGE,11.99,23000
joint,MORTGAGE,24.84,30000
individual,MORTGAGE,6.72,22000
individual,MORTGAGE,9.44,15000
individual,MORTGAGE,5.32,24000
individual,MORTGAGE,9.43,10000
individual,MORTGAGE,15.05,15000
individual,RENT,9.93,10000
individual,RENT,30.65,11450
individual,RENT,11.98,5000
individual,RENT,14.08,14000
individual,RENT,19.03,4000
individual,RENT,6.72,5000
individual,MORTGAGE,21.45,20000
joint,MORTGAGE,10.41,20000
individual,MORTGAGE,11.98,9000
individual,RENT,12.62,10000
individual,OWN,7.97,4000
individual,OWN,10.91,4800
individual,MORTGAGE,6.72,12000
individual,MORTGAGE,15.05,6000
individual,MORTGAGE,19.03,10000
joint,MORTGAGE,13.58,30700
individual,MORTGAGE,13.58,10000
individual,MORTGAGE,13.59,12600
individual,MORTGAGE,9.93,13200
individual,MORTGAGE,10.91,12175
joint,MORTGAGE,9.44,35000
individual,MORTGAGE,7.97,5000
joint,RENT,24.85,12000
individual,MORTGAGE,6.08,20000
individual,RENT,9.44,40000
individual,MORTGAGE,5.32,6000
individual,RENT,15.04,11200
individual,RENT,6.72,10500
individual,RENT,11.98,7000
individual,MORTGAGE,19.03,12000
individual,RENT,13.59,12000
individual,MORTGAGE,10.9,30000
individual,MORTGAGE,13.58,40000
individual,MORTGAGE,15.04,5400
individual,RENT,7.34,5000
individual,OWN,13.58,25000
individual,OWN,21.45,30000
individual,RENT,6.07,15000
individual,RENT,10.42,5400
individual,RENT,6.71,6000
individual,MORTGAGE,7.34,4000
individual,RENT,11.99,17500
individual,RENT,6.72,5000
individual,OWN,13.58,16000
individual,MORTGAGE,17.09,12000
individual,OWN,6.07,40000
individual,MORTGAGE,7.96,8000
joint,MORTGAGE,9.92,14400
individual,MORTGAGE,16.01,35000
individual,RENT,11.99,12000
individual,MORTGAGE,10.9,6000
joint,MORTGAGE,12.62,18000
joint,RENT,16.02,16000
individual,OWN,6.72,3600
individual,OWN,14.08,11000
individual,MORTGAGE,6.07,17000
individual,MORTGAGE,9.43,10000
individual,OWN,9.93,4300
individual,MORTGAGE,10.42,14000
joint,MORTGAGE,12.62,4000
individual,RENT,19.03,12450
joint,MORTGAGE,10.41,35000
individual,MORTGAGE,7.97,3000
individual,MORTGAGE,16.02,4800
individual,MORTGAGE,11.98,20000
individual,OWN,10.91,20000
individual,MORTGAGE,14.07,16000
joint,MORTGAGE,12.62,39000
joint,RENT,11.99,25000
individual,OWN,7.96,19000
individual,RENT,15.05,6000
individual,MORTGAGE,12.61,16000
individual,RENT,12.61,14000
individual,MORTGAGE,13.59,4800
joint,MORTGAGE,11.98,32025
individual,MORTGAGE,13.58,10000
individual,RENT,15.05,17000
joint,MORTGAGE,10.9,20000
individual,RENT,6.08,3500
individual,MORTGAGE,5.32,17000
individual,RENT,16.02,10000
individual,MORTGAGE,9.92,25000
individual,MORTGAGE,6.72,4800
individual,MORTGAGE,9.43,12000
joint,OWN,19.03,35000
individual,RENT,18.45,3200
individual,RENT,5.32,12000
individual,OWN,15.05,5000
individual,RENT,9.44,1000
individual,RENT,20.39,33750
individual,RENT,16.01,14400
joint,RENT,20.39,30400
individual,MORTGAGE,13.59,24000
individual,MORTGAGE,16.02,16800
individual,MORTGAGE,17.47,1800
individual,MORTGAGE,16.02,36000
individual,RENT,20.0,10000
individual,MORTGAGE,10.9,16000
individual,MORTGAGE,26.77,30000
individual,RENT,9.93,24000
individual,MORTGAGE,6.08,28000
individual,MORTGAGE,14.08,15000
individual,RENT,13.59,5000
joint,MORTGAGE,6.08,16000
individual,MORTGAGE,6.07,35000
individual,MORTGAGE,12.62,30150
individual,MORTGAGE,12.62,15000
individual,RENT,11.98,18000
individual,MORTGAGE,13.59,26000
individual,RENT,23.88,10000
individual,MORTGAGE,13.59,16800
individual,RENT,10.9,9800
individual,RENT,9.93,16000
individual,RENT,6.08,10000
individual,OWN,10.41,10000
individual,MORTGAGE,12.62,2500
individual,MORTGAGE,13.58,8000
individual,RENT,13.58,10000
individual,RENT,7.97,40000
individual,OWN,10.42,12000
individual,RENT,9.43,17000
individual,MORTGAGE,10.91,12000
individual,OWN,19.03,11000
individual,MORTGAGE,9.44,2500
individual,RENT,5.31,40000
individual,MORTGAGE,7.35,31000
individual,RENT,26.77,16000
joint,MORTGAGE,25.82,16000
individual,RENT,10.91,16000
individual,RENT,18.06,30000
individual,RENT,14.08,15000
joint,MORTGAGE,12.61,22000
joint,MORTGAGE,9.44,30000
individual,RENT,21.85,10000
individual,RENT,7.96,6000
individual,MORTGAGE,10.42,13500
individual,MORTGAGE,16.02,10000
individual,MORTGAGE,12.61,13000
individual,RENT,13.59,6000
individual,RENT,20.0,19200
individual,RENT,20.0,35000
individual,MORTGAGE,15.04,20225
individual,RENT,18.45,14000
individual,RENT,16.01,8000
individual,MORTGAGE,12.61,10000
individual,OWN,23.88,10000
individual,RENT,15.04,25000
joint,MORTGAGE,6.72,6000
individual,MORTGAGE,10.41,32000
individual,MORTGAGE,14.07,32000
individual,MORTGAGE,6.07,5000
individual,RENT,13.58,20000
individual,MORTGAGE,5.31,6000
individual,RENT,17.09,16000
individual,MORTGAGE,10.41,12000
joint,MORTGAGE,7.34,30000
joint,MORTGAGE,9.43,27800
individual,MORTGAGE,17.09,35000
individual,OWN,11.99,35000
individual,RENT,5.31,12000
individual,OWN,14.08,25000
individual,OWN,28.72,20000
individual,MORTGAGE,5.31,10000
joint,MORTGAGE,13.58,15000
individual,RENT,7.96,20000
individual,RENT,6.08,10000
joint,RENT,10.42,35000
individual,RENT,9.44,20000
individual,OWN,10.91,12000
individual,MORTGAGE,15.04,1200
individual,MORTGAGE,5.32,15000
joint,MORTGAGE,9.44,19600
individual,MORTGAGE,14.07,7000
individual,OWN,6.72,25000
individual,MORTGAGE,15.05,5000
individual,OWN,14.08,20000
individual,MORTGAGE,9.44,7000
individual,MORTGAGE,20.39,10000
individual,MORTGAGE,9.44,30000
individual,OWN,5.32,16000
individual,RENT,6.72,12000
individual,MORTGAGE,17.47,35000
individual,RENT,10.41,40000
individual,OWN,9.43,16000
individual,MORTGAGE,9.43,3000
joint,MORTGAGE,10.42,25000
individual,RENT,10.9,6500
individual,MORTGAGE,9.93,40000
individual,MORTGAGE,13.59,7000
individual,MORTGAGE,9.93,20000
individual,RENT,10.42,12000
individual,OWN,16.01,16000
individual,RENT,10.42,13000
individual,MORTGAGE,7.96,12000
individual,MORTGAGE,9.44,10000
individual,RENT,10.91,20000
individual,MORTGAGE,6.07,30000
individual,MORTGAGE,7.35,25000
individual,MORTGAGE,9.43,30000
individual,MORTGAGE,9.44,35000
individual,RENT,13.59,30000
individual,RENT,6.08,5000
individual,RENT,5.32,13000
individual,MORTGAGE,5.32,12000
individual,RENT,16.02,10000
individual,MORTGAGE,20.0,10000
individual,RENT,9.44,10000
individual,MORTGAGE,12.61,11500
individual,OWN,30.79,20000
individual,MORTGAGE,18.45,15000
joint,MORTGAGE,14.07,40000
individual,RENT,15.04,10000
individual,MORTGAGE,9.44,40000
joint,MORTGAGE,6.07,35000
individual,MORTGAGE,5.31,40000
individual,RENT,9.43,15000
individual,RENT,6.72,18000
individual,MORTGAGE,10.41,12000
individual,MORTGAGE,21.45,20000
individual,RENT,9.92,6000
individual,MORTGAGE,10.9,30000
individual,RENT,10.9,5000
individual,RENT,13.59,5000
individual,OWN,10.41,17000
individual,MORTGAGE,6.71,22000
individual,RENT,15.04,24000
individual,RENT,18.06,20000
individual,MORTGAGE,9.44,34000
individual,RENT,7.35,15000
individual,MORTGAGE,7.97,15000
individual,RENT,18.45,10000
individual,MORTGAGE,15.05,28000
individual,RENT,9.44,5000
individual,OWN,12.62,10000
individual,OWN,6.07,5000
joint,MORTGAGE,6.07,20000
joint,MORTGAGE,7.34,40000
individual,MORTGAGE,13.58,5000
individual,MORTGAGE,6.07,17000
individual,MORTGAGE,18.45,16000
individual,MORTGAGE,9.93,32000
joint,MORTGAGE,23.88,25000
individual,MORTGAGE,10.42,6500
individual,RENT,9.93,24000
individual,RENT,13.58,24000
individual,RENT,7.97,25450
individual,RENT,9.93,18000
individual,RENT,18.06,3200
individual,RENT,10.41,11250
individual,MORTGAGE,11.98,19200
joint,RENT,7.97,9000
individual,RENT,6.07,18000
individual,OWN,10.42,4000
individual,RENT,11.98,10000
individual,MORTGAGE,13.59,20000
individual,MORTGAGE,15.05,6025
individual,MORTGAGE,14.07,6400
joint,MORTGAGE,10.42,35000
individual,RENT,10.91,13000
individual,RENT,6.72,24000
individual,MORTGAGE,17.47,20000
individual,RENT,7.97,1000
individual,RENT,7.96,5600
joint,MORTGAGE,9.44,35000
individual,RENT,15.05,17500
individual,RENT,13.58,15000
individual,MORTGAGE,9.44,4800
individual,MORTGAGE,30.65,25000
individual,MORTGAGE,9.43,36000
joint,MORTGAGE,7.35,1650
individual,MORTGAGE,6.07,30000
individual,MORTGAGE,17.09,15000
individual,RENT,7.35,25000
joint,MORTGAGE,10.42,17500
individual,RENT,17.09,20000
individual,MORTGAGE,21.45,24000
individual,MORTGAGE,11.99,3500
individual,RENT,7.34,6000
joint,MORTGAGE,13.59,39275
individual,RENT,17.09,20000
individual,MORTGAGE,17.09,16000
individual,OWN,18.06,8000
individual,RENT,14.08,4800
joint,OWN,20.39,32000
individual,OWN,7.96,20000
individual,MORTGAGE,11.99,40000
individual,RENT,7.97,5000
individual,RENT,12.61,8000
individual,RENT,16.01,40000
individual,RENT,13.58,22000
individual,MORTGAGE,10.41,12000
individual,RENT,13.59,10000
individual,RENT,18.45,4800
individual,RENT,12.62,4300
individual,RENT,7.97,36000
joint,MORTGAGE,21.45,20000
individual,MORTGAGE,5.32,10000
individual,MORTGAGE,11.99,1100
individual,MORTGAGE,9.44,40000
individual,MORTGAGE,6.07,20000
individual,MORTGAGE,11.99,4000
individual,RENT,24.85,12500
individual,MORTGAGE,12.61,20000
joint,MORTGAGE,9.43,17425
individual,RENT,6.71,7000
individual,RENT,17.09,15000
individual,RENT,10.42,7200
individual,OWN,6.72,20000
individual,RENT,7.35,7000
individual,MORTGAGE,14.08,22000
joint,MORTGAGE,5.32,6000
individual,MORTGAGE,10.42,35000
individual,MORTGAGE,28.72,24000
individual,RENT,7.34,25000
individual,RENT,5.31,4000
joint,MORTGAGE,15.04,28000
individual,MORTGAGE,11.98,8000
individual,RENT,10.91,9600
individual,RENT,6.08,6500
joint,MORTGAGE,25.82,20000
individual,RENT,13.59,3000
individual,RENT,16.01,8000
individual,MORTGAGE,15.05,10000
individual,MORTGAGE,25.81,35000
individual,RENT,14.08,35000
individual,RENT,9.43,7000
individual,MORTGAGE,9.43,10500
individual,MORTGAGE,9.43,28000
individual,MORTGAGE,11.99,15000
individual,MORTGAGE,10.41,15000
individual,MORTGAGE,11.99,6500
individual,MORTGAGE,7.34,35000
individual,RENT,16.02,15000
individual,RENT,10.91,11000
individual,MORTGAGE,21.85,30000
individual,RENT,18.45,7500
individual,MORTGAGE,17.09,21000
joint,MORTGAGE,9.93,32000
individual,OWN,13.59,9800
individual,RENT,12.61,4000
individual,MORTGAGE,18.06,25000
individual,MORTGAGE,9.44,15000
joint,MORTGAGE,10.42,12000
individual,MORTGAGE,16.01,35000
individual,MORTGAGE,13.59,16000
individual,RENT,10.42,13000
individual,MORTGAGE,7.35,20000
individual,RENT,15.04,38000
individual,RENT,7.97,10000
individual,RENT,7.34,13000
individual,RENT,23.88,30000
joint,MORTGAGE,10.41,34800
individual,RENT,20.0,30000
individual,MORTGAGE,10.9,6500
individual,MORTGAGE,13.59,10000
individual,RENT,11.99,40000
individual,MORTGAGE,16.01,25000
individual,MORTGAGE,16.01,19000
individual,RENT,7.96,16000
joint,OWN,5.32,13700
individual,MORTGAGE,10.91,40000
individual,MORTGAGE,7.35,6000
joint,MORTGAGE,15.04,40000
joint,RENT,21.85,12000
individual,OWN,12.62,35000
individual,RENT,7.35,17000
individual,RENT,10.41,6025
individual,RENT,10.91,12000
individual,OWN,7.34,7800
individual,MORTGAGE,19.03,28000
individual,RENT,7.97,10000
joint,MORTGAGE,12.62,25000
individual,MORTGAGE,13.58,16000
individual,RENT,12.62,12000
joint,RENT,14.08,2800
individual,MORTGAGE,13.58,25000
individual,MORTGAGE,7.97,35000
individual,RENT,15.05,20000
individual,MORTGAGE,6.72,10000
individual,MORTGAGE,5.32,20000
joint,RENT,20.0,6000
individual,OWN,5.31,10000
individual,OWN,13.58,12000
joint,MORTGAGE,10.9,10000
individual,OWN,6.71,12500
joint,MORTGAGE,11.99,20000
individual,RENT,10.41,12000
individual,RENT,9.92,4000
individual,RENT,12.61,10000
individual,RENT,11.98,10000
individual,RENT,10.42,2800
individual,MORTGAGE,6.72,5000
individual,MORTGAGE,15.05,32000
individual,RENT,13.58,9600
individual,MORTGAGE,17.09,15000
individual,RENT,9.92,14400
individual,MORTGAGE,10.42,10000
individual,RENT,16.01,21000
individual,MORTGAGE,5.32,40000
individual,OWN,20.39,10000
individual,OWN,11.99,1000
individual,MORTGAGE,6.72,17150
individual,RENT,15.04,16000
individual,MORTGAGE,9.93,24000
individual,RENT,10.91,20000
individual,RENT,6.0,28000
joint,RENT,10.42,25000
individual,RENT,7.35,6000
individual,OWN,9.93,40000
joint,MORTGAGE,11.99,15000
individual,RENT,7.34,15000
individual,OWN,18.45,25000
individual,MORTGAGE,7.97,10000
individual,RENT,28.72,15000
individual,MORTGAGE,6.08,30000
joint,MORTGAGE,12.61,25000
individual,OWN,16.02,28000
individual,MORTGAGE,12.62,25000
individual,RENT,7.97,13000
individual,MORTGAGE,9.44,10000
individual,RENT,13.59,2000
individual,OWN,11.98,10000
individual,OWN,10.91,7000
individual,MORTGAGE,26.77,30000
individual,OWN,5.32,20000
individual,OWN,12.62,10000
individual,RENT,13.59,7000
individual,RENT,19.03,23000
individual,RENT,24.84,20000
individual,RENT,17.47,35000
individual,RENT,9.43,10000
individual,OWN,7.35,10000
individual,RENT,10.41,15000
individual,MORTGAGE,11.99,6000
individual,RENT,16.01,6000
individual,MORTGAGE,12.62,13650
individual,MORTGAGE,9.43,20000
individual,OWN,6.08,10000
individual,MORTGAGE,10.91,35725
individual,MORTGAGE,7.97,3000
joint,RENT,13.59,12000
individual,MORTGAGE,16.02,10000
individual,RENT,7.34,12000
individual,RENT,14.07,4600
individual,RENT,9.44,13000
individual,OWN,12.61,10000
individual,MORTGAGE,7.97,5700
individual,OWN,10.42,10000
individual,RENT,7.97,15000
individual,RENT,21.45,5600
individual,RENT,17.09,11000
individual,MORTGAGE,10.42,25000
individual,MORTGAGE,6.71,25000
individual,RENT,9.92,5000
individual,MORTGAGE,7.34,7000
individual,MORTGAGE,21.85,35000
individual,RENT,5.32,12000
joint,RENT,9.43,40000
individual,MORTGAGE,7.34,20000
joint,OWN,26.3,3500
individual,MORTGAGE,12.61,2500
individual,MORTGAGE,11.98,15000
individual,RENT,9.43,10000
joint,MORTGAGE,10.42,12000
individual,MORTGAGE,10.9,14000
individual,MORTGAGE,10.9,10500
individual,RENT,6.72,10000
individual,RENT,7.96,10200
individual,OWN,13.58,10000
individual,MORTGAGE,7.34,15000
individual,RENT,15.04,25200
individual,MORTGAGE,6.08,5000
individual,MORTGAGE,7.96,12000
individual,MORTGAGE,6.07,4000
individual,MORTGAGE,10.9,36000
joint,MORTGAGE,6.72,6000
individual,OWN,11.99,1200
individual,MORTGAGE,15.04,10000
individual,MORTGAGE,16.01,17950
joint,MORTGAGE,7.34,14000
individual,MORTGAGE,7.35,11000
individual,MORTGAGE,5.31,40000
individual,RENT,13.59,25000
individual,MORTGAGE,9.43,1800
individual,MORTGAGE,7.97,7200
individual,RENT,6.07,8000
individual,RENT,11.99,14000
individual,RENT,14.08,21000
individual,RENT,15.04,10000
individual,RENT,7.35,20000
individual,MORTGAGE,9.43,30000
individual,MORTGAGE,11.98,18000
individual,OWN,5.32,28000
individual,RENT,18.06,35000
individual,MORTGAGE,11.98,12000
individual,RENT,10.9,18000
joint,RENT,21.45,30000
individual,RENT,11.98,14000
individual,MORTGAGE,6.07,36000
individual,MORTGAGE,6.72,5500
individual,RENT,10.41,16000
individual,MORTGAGE,7.35,40000
individual,RENT,10.9,10000
individual,MORTGAGE,19.03,14000
individual,MORTGAGE,6.71,19000
individual,MORTGAGE,11.99,12000
individual,RENT,10.42,7000
individual,RENT,17.47,20000
individual,RENT,9.93,10000
individual,RENT,15.05,10500
individual,MORTGAGE,10.9,15000
individual,MORTGAGE,13.59,18000
individual,RENT,19.03,13600
individual,MORTGAGE,19.42,20000
individual,RENT,19.03,3000
individual,MORTGAGE,14.08,4100
individual,MORTGAGE,6.08,7300
joint,MORTGAGE,5.31,20000
joint,MORTGAGE,13.59,20000
individual,RENT,16.02,28000
individual,RENT,14.08,35000
individual,MORTGAGE,6.07,10000
individual,RENT,11.98,5000
individual,RENT,13.59,35000
individual,RENT,10.41,16000
individual,RENT,20.0,30000
individual,RENT,7.97,4400
individual,OWN,9.44,10000
individual,MORTGAGE,14.08,8500
individual,RENT,21.45,20000
individual,OWN,9.93,9000
joint,MORTGAGE,12.61,24000
individual,OWN,5.32,10000
joint,RENT,7.96,10000
joint,RENT,5.32,9500
individual,MORTGAGE,7.35,8000
individual,RENT,16.02,10000
joint,MORTGAGE,5.32,15000
individual,MORTGAGE,6.72,23000
individual,RENT,26.3,12000
individual,MORTGAGE,12.62,10000
individual,MORTGAGE,19.42,35000
individual,RENT,11.98,10000
individual,OWN,10.42,6500
joint,RENT,7.97,10000
individual,MORTGAGE,9.43,40000
joint,OWN,16.02,16000
individual,RENT,10.42,4000
individual,MORTGAGE,9.43,5000
individual,OWN,14.08,20000
individual,MORTGAGE,20.0,3500
individual,RENT,20.0,15000
individual,MORTGAGE,10.41,15000
joint,RENT,18.45,11400
individual,MORTGAGE,12.62,24000
individual,OWN,10.42,20000
individual,MORTGAGE,5.31,40000
joint,MORTGAGE,11.99,15000
individual,MORTGAGE,10.9,8475
joint,OWN,17.09,30000
individual,RENT,5.32,7000
individual,OWN,22.9,25000
individual,RENT,10.42,10000
individual,RENT,10.42,16000
individual,MORTGAGE,6.07,15000
joint,MORTGAGE,14.07,40000
joint,RENT,10.9,40000
individual,OWN,10.91,10000
individual,RENT,17.47,3000
individual,MORTGAGE,12.62,2500
individual,MORTGAGE,7.96,20000
individual,RENT,7.97,10000
individual,RENT,13.58,16000
individual,OWN,26.77,20000
individual,MORTGAGE,9.43,6000
individual,RENT,23.88,25000
individual,RENT,11.99,9600
individual,MORTGAGE,6.07,24000
individual,MORTGAGE,14.08,25000
individual,RENT,14.07,5000
joint,MORTGAGE,15.04,20000
individual,OWN,7.34,20000
individual,MORTGAGE,9.43,26400
individual,RENT,9.92,10000
joint,RENT,19.03,25000
joint,RENT,15.04,10000
individual,RENT,13.59,1600
individual,MORTGAGE,11.99,15000
individual,MORTGAGE,21.85,10000
individual,OWN,10.91,10000
individual,RENT,9.43,20000
individual,MORTGAGE,5.31,14000
individual,RENT,5.31,7000
individual,RENT,5.32,4000
individual,RENT,7.97,10000
individual,MORTGAGE,6.72,20000
joint,MORTGAGE,15.05,20000
individual,MORTGAGE,7.96,2500
individual,MORTGAGE,18.06,5500
individual,RENT,13.59,12000
individual,MORTGAGE,17.09,6500
individual,RENT,11.98,2500
joint,MORTGAGE,11.99,5000
individual,RENT,20.0,8000
joint,MORTGAGE,7.35,18000
individual,RENT,10.41,1000
individual,MORTGAGE,10.42,10800
individual,OWN,7.34,40000
individual,RENT,7.34,12500
individual,MORTGAGE,16.01,6000
individual,RENT,15.05,12000
individual,RENT,14.08,12000
individual,OWN,9.92,15000
individual,RENT,15.04,8000
individual,MORTGAGE,9.44,6000
individual,MORTGAGE,13.59,12000
individual,OWN,6.72,12000
individual,MORTGAGE,13.59,20000
individual,MORTGAGE,30.79,25000
joint,MORTGAGE,9.93,24000
individual,MORTGAGE,15.05,25000
individual,MORTGAGE,7.96,4800
individual,RENT,7.34,9600
joint,MORTGAGE,10.42,22000
individual,RENT,14.08,10000
individual,RENT,11.98,5000
individual,RENT,7.35,3000
individual,MORTGAGE,13.58,10000
joint,MORTGAGE,13.58,40000
individual,RENT,16.02,19500
individual,RENT,7.35,8500
individual,RENT,17.09,10000
individual,MORTGAGE,15.05,6500
individual,RENT,18.45,24450
individual,RENT,19.42,15000
individual,MORTGAGE,10.42,24000
individual,MORTGAGE,14.08,11000
individual,RENT,12.61,40000
individual,OWN,19.03,14000
individual,RENT,19.03,17000
joint,RENT,7.34,5000
individual,OWN,13.59,7200
individual,RENT,9.44,7000
individual,MORTGAGE,9.92,20700
individual,RENT,26.77,20700
individual,OWN,10.41,9000
individual,MORTGAGE,19.03,10000
individual,RENT,9.92,35000
individual,RENT,11.99,10000
individual,MORTGAGE,17.09,4500
individual,RENT,11.98,5000
joint,RENT,17.09,15000
individual,MORTGAGE,10.41,12000
individual,RENT,18.06,16800
individual,RENT,6.72,6000
individual,MORTGAGE,9.43,10000
individual,RENT,21.45,4800
individual,MORTGAGE,10.41,15000
individual,MORTGAGE,11.99,12000
individual,MORTGAGE,5.32,5800
joint,MORTGAGE,9.44,40000
individual,MORTGAGE,10.9,24000
individual,MORTGAGE,9.44,36000
individual,MORTGAGE,9.92,15000
individual,MORTGAGE,7.35,15000
individual,MORTGAGE,11.98,30000
individual,RENT,7.96,10000
individual,RENT,19.03,1000
individual,RENT,10.91,1800
individual,MORTGAGE,12.61,9600
individual,MORTGAGE,10.41,35000
individual,MORTGAGE,13.58,28000
individual,RENT,9.92,5600
individual,RENT,6.08,6000
individual,RENT,13.59,10000
individual,RENT,10.41,30000
individual,RENT,21.85,22300
individual,MORTGAGE,9.44,10000
individual,MORTGAGE,7.97,35000
individual,MORTGAGE,12.61,16800
individual,RENT,7.34,10000
individual,OWN,14.07,10000
joint,OWN,16.01,16000
joint,MORTGAGE,6.07,22000
individual,RENT,10.42,24000
individual,MORTGAGE,6.71,13000
individual,OWN,7.35,13000
individual,MORTGAGE,9.93,6500
individual,RENT,12.61,4000
individual,MORTGAGE,14.08,9000
individual,RENT,9.44,40000
individual,MORTGAGE,5.31,3300
joint,MORTGAGE,12.61,6025
joint,RENT,7.34,8000
individual,MORTGAGE,6.07,5000
individual,RENT,10.41,24000
individual,OWN,19.42,10000
individual,MORTGAGE,6.08,5000
individual,RENT,20.0,18000
individual,RENT,5.32,15000
individual,RENT,13.58,20000
individual,RENT,11.98,9000
joint,RENT,14.07,20000
individual,MORTGAGE,15.05,40000
individual,RENT,13.58,25000
joint,MORTGAGE,10.42,27825
joint,MORTGAGE,10.42,24000
individual,OWN,5.32,40000
individual,OWN,6.72,35000
individual,MORTGAGE,7.97,40000
joint,RENT,12.61,10000
individual,RENT,9.92,40000
individual,RENT,7.96,6000
individual,MORTGAGE,13.59,15000
individual,OWN,14.08,8500
individual,RENT,23.88,13200
individual,RENT,7.34,5000
individual,RENT,21.45,3200
individual,RENT,9.44,14400
individual,RENT,12.62,5000
individual,MORTGAGE,15.05,30000
individual,RENT,13.58,6000
joint,MORTGAGE,10.41,15000
individual,MORTGAGE,9.93,18000
individual,RENT,7.97,4000
individual,MORTGAGE,17.09,28000
joint,RENT,13.59,10000
individual,MORTGAGE,14.07,8500
individual,RENT,7.96,12000
individual,MORTGAGE,21.45,20000
individual,RENT,9.43,20000
individual,MORTGAGE,9.44,30750
individual,RENT,16.01,8400
individual,MORTGAGE,7.97,9000
individual,MORTGAGE,23.88,30000
individual,RENT,19.42,35000
individual,RENT,10.41,16000
individual,OWN,19.03,11200
individual,RENT,17.47,22000
individual,RENT,10.91,9000
individual,RENT,11.99,5000
individual,MORTGAGE,10.91,8000
individual,RENT,9.93,5000
individual,OWN,14.07,7000
individual,MORTGAGE,7.34,12000
individual,RENT,7.97,13500
individual,RENT,9.92,5500
individual,MORTGAGE,13.59,10775
individual,MORTGAGE,11.98,5000
individual,MORTGAGE,21.45,20000
individual,MORTGAGE,19.03,16000
individual,MORTGAGE,7.96,21000
individual,MORTGAGE,19.03,15000
individual,RENT,16.01,20000
individual,MORTGAGE,12.62,28000
individual,MORTGAGE,5.31,20000
individual,MORTGAGE,18.45,24000
individual,MORTGAGE,11.99,35525
individual,RENT,15.04,5000
individual,MORTGAGE,12.62,17000
individual,MORTGAGE,6.08,6400
individual,MORTGAGE,5.32,17000
joint,MORTGAGE,20.0,26400
individual,MORTGAGE,9.92,24000
individual,RENT,17.47,10000
individual,OWN,21.45,8000
individual,RENT,13.58,5000
individual,MORTGAGE,21.45,23000
individual,RENT,16.01,12000
joint,MORTGAGE,15.04,35000
individual,RENT,20.0,3000
individual,MORTGAGE,14.07,7800
individual,RENT,10.9,20000
joint,RENT,17.09,19200
joint,MORTGAGE,7.34,40000
individual,RENT,7.96,16000
individual,MORTGAGE,6.07,10000
individual,MORTGAGE,6.08,9600
individual,MORTGAGE,10.9,17000
individual,MORTGAGE,10.42,22400
individual,MORTGAGE,13.58,20000
individual,MORTGAGE,16.02,10000
individual,MORTGAGE,7.97,10000
individual,MORTGAGE,11.99,4800
joint,MORTGAGE,17.09,16000
individual,MORTGAGE,6.08,35000
individual,OWN,9.44,2500
individual,OWN,5.32,15000
joint,RENT,9.93,15000
individual,RENT,15.05,20000
joint,MORTGAGE,14.07,10000
individual,RENT,10.42,7500
individual,MORTGAGE,12.62,10000
individual,MORTGAGE,14.07,9000
individual,MORTGAGE,14.07,25000
individual,MORTGAGE,6.08,4000
individual,RENT,9.44,5000
individual,OWN,19.42,24000
individual,RENT,20.0,15000
individual,MORTGAGE,14.07,10000
individual,MORTGAGE,9.93,14000
individual,MORTGAGE,16.01,10000
individual,RENT,16.01,16000
individual,OWN,15.05,10000
individual,MORTGAGE,13.58,4150
individual,MORTGAGE,10.42,10000
individual,MORTGAGE,12.62,35000
individual,MORTGAGE,12.62,5000
individual,RENT,6.08,11000
individual,MORTGAGE,18.06,21200
individual,RENT,10.42,2000
joint,MORTGAGE,10.9,36000
individual,OWN,7.96,20000
individual,RENT,9.93,16000
individual,MORTGAGE,9.93,10000
individual,MORTGAGE,15.05,5000
individual,RENT,9.43,10400
individual,MORTGAGE,10.9,35000
individual,MORTGAGE,10.42,40000
individual,OWN,7.97,35000
individual,RENT,5.31,40000
individual,OWN,7.35,3000
individual,RENT,5.31,4800
individual,RENT,16.02,35000
individual,OWN,6.72,19000
joint,RENT,17.47,18000
individual,MORTGAGE,9.43,4200
individual,RENT,15.04,10000
joint,MORTGAGE,7.96,15000
joint,MORTGAGE,19.03,10000
individual,MORTGAGE,5.32,22000
individual,MORTGAGE,13.58,40000
individual,OWN,10.9,6000
individual,RENT,11.99,15000
joint,OWN,7.96,3600
individual,OWN,15.04,9000
individual,OWN,7.34,12000
individual,RENT,9.43,13000
joint,RENT,9.92,6000
individual,RENT,7.34,5000
individual,RENT,20.0,17250
joint,RENT,24.85,20000
individual,RENT,14.07,15000
individual,MORTGAGE,10.91,15000
individual,RENT,10.41,13000
individual,MORTGAGE,12.62,16000
individual,OWN,10.42,13200
individual,MORTGAGE,6.71,3000
individual,OWN,7.97,17000
individual,MORTGAGE,7.97,10000
individual,MORTGAGE,13.58,14400
individual,RENT,5.32,7500
individual,RENT,15.04,6000
individual,MORTGAGE,9.43,26250
individual,RENT,14.08,8400
individual,OWN,9.44,1500
joint,OWN,18.06,15000
individual,RENT,26.3,16000
individual,OWN,7.34,4200
individual,RENT,5.32,30000
individual,RENT,19.03,19200
individual,OWN,15.05,12000
individual,MORTGAGE,10.91,3600
individual,MORTGAGE,6.72,7000
individual,MORTGAGE,12.61,25000
individual,RENT,16.02,6000
individual,RENT,12.62,12000
joint,OWN,10.9,20000
individual,MORTGAGE,16.02,12000
individual,RENT,9.44,10000
individual,RENT,21.45,12000
individual,MORTGAGE,9.43,10000
individual,RENT,19.42,10000
individual,MORTGAGE,5.32,20000
individual,RENT,10.91,25000
individual,MORTGAGE,6.72,17075
individual,RENT,7.35,7000
individual,MORTGAGE,10.91,1500
individual,RENT,28.72,15000
joint,MORTGAGE,13.59,24000
joint,MORTGAGE,10.42,3400
individual,RENT,5.31,21000
individual,MORTGAGE,14.08,14000
individual,RENT,6.08,15000
individual,RENT,9.44,25000
individual,RENT,9.44,20000
joint,MORTGAGE,13.59,15000
individual,MORTGAGE,12.61,16000
individual,MORTGAGE,10.42,25000
individual,MORTGAGE,23.88,1500
individual,RENT,12.61,5000
joint,MORTGAGE,15.05,5000
individual,MORTGAGE,10.91,8000
individual,MORTGAGE,6.71,10000
individual,OWN,15.05,35000
joint,OWN,12.62,12000
individual,OWN,7.97,10000
individual,RENT,15.04,30000
joint,MORTGAGE,22.9,29700
individual,OWN,11.98,10000
individual,RENT,16.02,28000
individual,MORTGAGE,7.34,1800
joint,RENT,11.99,38000
individual,MORTGAGE,20.39,15000
individual,MORTGAGE,7.34,20000
individual,RENT,6.08,10000
individual,MORTGAGE,13.58,25000
individual,RENT,6.08,4800
individual,RENT,14.08,10000
individual,OWN,10.9,20000
individual,RENT,18.06,10000
joint,RENT,12.61,25000
individual,MORTGAGE,13.59,40000
individual,MORTGAGE,7.97,1000
individual,MORTGAGE,12.61,16000
joint,MORTGAGE,7.96,14000
individual,OWN,17.47,27575
individual,MORTGAGE,6.07,3600
individual,MORTGAGE,12.62,35000
individual,RENT,9.92,5000
individual,MORTGAGE,11.99,15000
individual,RENT,7.34,1200
individual,RENT,16.01,30000
individual,RENT,15.05,24000
individual,MORTGAGE,16.01,16000
joint,MORTGAGE,9.44,14000
individual,RENT,9.92,15000
individual,MORTGAGE,13.59,20000
individual,MORTGAGE,15.04,14000
individual,MORTGAGE,20.39,11000
joint,OWN,6.08,16000
individual,OWN,19.42,7000
individual,RENT,19.42,16000
individual,MORTGAGE,9.44,21600
individual,MORTGAGE,14.07,14000
individual,MORTGAGE,9.44,35000
individual,RENT,9.92,4000
joint,OWN,7.34,7500
individual,MORTGAGE,6.08,16000
individual,MORTGAGE,9.92,15000
individual,MORTGAGE,14.08,20000
individual,MORTGAGE,18.06,24000
individual,MORTGAGE,19.03,8000
individual,RENT,19.03,10000
individual,MORTGAGE,9.93,7000
individual,RENT,11.99,36000
joint,MORTGAGE,7.34,25000
joint,OWN,7.35,18000
individual,MORTGAGE,12.61,6500
joint,RENT,10.91,5000
individual,MORTGAGE,21.45,20000
individual,RENT,9.44,24000
individual,MORTGAGE,12.62,35000
individual,OWN,13.58,3500
joint,MORTGAGE,16.02,9600
individual,MORTGAGE,21.45,5000
individual,MORTGAGE,6.71,10000
individual,RENT,14.08,20000
individual,MORTGAGE,12.61,24000
individual,OWN,6.08,3500
individual,RENT,9.92,13500
individual,OWN,5.31,40000
individual,RENT,20.39,15000
individual,MORTGAGE,13.59,4000
joint,MORTGAGE,9.93,40000
joint,MORTGAGE,20.0,31000
joint,RENT,14.07,7500
individual,RENT,11.99,7200
individual,MORTGAGE,14.08,16000
individual,OWN,21.45,5000
individual,MORTGAGE,9.44,25000
individual,MORTGAGE,18.45,30000
individual,RENT,10.9,3200
individual,RENT,11.99,6000
individual,MORTGAGE,6.71,40000
individual,RENT,6.72,11000
individual,MORTGAGE,6.08,40000
individual,MORTGAGE,24.84,12000
individual,RENT,21.45,23625
individual,OWN,17.47,14000
individual,RENT,6.72,40000
individual,MORTGAGE,14.07,8125
joint,MORTGAGE,16.02,11000
individual,OWN,12.62,35000
joint,RENT,13.58,18000
individual,RENT,5.31,16100
individual,MORTGAGE,12.62,5000
individual,OWN,13.58,10000
individual,RENT,15.05,8000
joint,RENT,9.92,25050
individual,MORTGAGE,9.44,25000
joint,MORTGAGE,15.05,5000
individual,RENT,12.62,20000
individual,MORTGAGE,9.44,12800
joint,RENT,15.05,18000
individual,MORTGAGE,7.35,24000
individual,MORTGAGE,11.99,25000
individual,RENT,10.9,5000
individual,MORTGAGE,9.43,20375
individual,MORTGAGE,10.42,11000
joint,MORTGAGE,12.62,25000
individual,MORTGAGE,12.61,9000
individual,MORTGAGE,14.08,24000
individual,RENT,15.05,19000
individual,OWN,9.93,8000
individual,MORTGAGE,9.92,15000
individual,RENT,9.44,7000
individual,RENT,18.06,8000
individual,MORTGAGE,10.91,5500
joint,RENT,21.85,17000
individual,RENT,25.82,15000
individual,MORTGAGE,9.92,12000
individual,RENT,20.0,24000
individual,MORTGAGE,7.97,20000
individual,RENT,14.08,35000
joint,MORTGAGE,12.62,24000
joint,RENT,10.42,15500
individual,RENT,18.45,18000
individual,RENT,13.59,4000
joint,RENT,6.08,15000
individual,MORTGAGE,21.45,25000
individual,RENT,10.42,8000
individual,MORTGAGE,10.91,5000
individual,OWN,16.02,12000
individual,RENT,17.09,4000
joint,MORTGAGE,9.44,2000
joint,RENT,16.02,16000
individual,RENT,13.58,4000
individual,RENT,7.35,4200
individual,MORTGAGE,9.43,20000
individual,MORTGAGE,11.98,40000
individual,RENT,11.98,10000
individual,MORTGAGE,10.91,7500
individual,RENT,13.59,3625
joint,MORTGAGE,10.9,18375
joint,MORTGAGE,18.45,30000
individual,MORTGAGE,13.59,10000
individual,RENT,18.06,3500
individual,RENT,6.72,40000
individual,MORTGAGE,10.42,20000
individual,RENT,10.42,8000
individual,MORTGAGE,7.97,5000
individual,RENT,19.42,8000
individual,MORTGAGE,6.08,25000
individual,MORTGAGE,5.31,12000
individual,MORTGAGE,13.59,34800
individual,RENT,10.91,20000
individual,MORTGAGE,12.61,22000
individual,MORTGAGE,13.59,16800
individual,OWN,18.06,35000
individual,MORTGAGE,10.9,40000
individual,RENT,20.0,12000
individual,MORTGAGE,7.34,15000
individual,MORTGAGE,5.31,22000
individual,RENT,16.01,16000
individual,RENT,16.01,6025
individual,MORTGAGE,11.99,30000
individual,OWN,9.44,20000
individual,OWN,16.01,10000
individual,MORTGAGE,10.41,5000
individual,RENT,24.85,24875
individual,RENT,9.92,3900
individual,RENT,10.91,6400
individual,MORTGAGE,6.71,16000
individual,MORTGAGE,6.08,12000
individual,OWN,6.72,10000
individual,RENT,10.42,7000
individual,MORTGAGE,7.35,25000
individual,RENT,17.47,4000
joint,MORTGAGE,11.99,40000
joint,MORTGAGE,15.05,25000
individual,MORTGAGE,20.39,26600
individual,OWN,9.44,17000
individual,MORTGAGE,5.31,15000
individual,RENT,12.61,5000
individual,MORTGAGE,7.34,25000
individual,RENT,25.82,12475
individual,RENT,18.06,15000
individual,MORTGAGE,9.43,1600
individual,OWN,6.07,40000
joint,MORTGAGE,20.0,40000
joint,MORTGAGE,7.34,40000
individual,RENT,10.42,10000
joint,MORTGAGE,11.99,40000
individual,MORTGAGE,7.96,10000
individual,MORTGAGE,7.34,10000
individual,RENT,20.0,14000
individual,OWN,18.45,5175
individual,OWN,9.92,8800
joint,MORTGAGE,12.61,24000
individual,MORTGAGE,11.99,15000
individual,RENT,13.58,12800
individual,MORTGAGE,13.58,4900
individual,RENT,9.44,4000
individual,OWN,7.96,40000
joint,MORTGAGE,26.77,12000
individual,RENT,9.92,6000
individual,MORTGAGE,14.07,26400
individual,MORTGAGE,6.07,10000
individual,RENT,16.01,3000
individual,RENT,13.58,12500
joint,MORTGAGE,10.9,39425
individual,MORTGAGE,13.58,8500
individual,MORTGAGE,20.0,15000
individual,MORTGAGE,10.41,3000
individual,MORTGAGE,6.72,8000
individual,RENT,18.06,18000
individual,MORTGAGE,9.93,8000
individual,OWN,9.93,6000
individual,OWN,12.62,5000
individual,OWN,13.58,10000
individual,RENT,15.05,25000
individual,RENT,9.93,22000
individual,MORTGAGE,12.61,16800
individual,MORTGAGE,10.42,40000
individual,RENT,17.09,10000
individual,RENT,7.97,9000
individual,RENT,18.06,5000
individual,MORTGAGE,12.61,23100
individual,MORTGAGE,6.07,38450
individual,MORTGAGE,9.93,40000
individual,OWN,5.31,21000
joint,OWN,15.04,15000
individual,MORTGAGE,13.59,12000
joint,RENT,10.91,35000
individual,OWN,7.96,18700
individual,MORTGAGE,21.45,8000
individual,MORTGAGE,16.01,5000
individual,RENT,16.02,1000
individual,RENT,12.62,20000
individual,RENT,15.04,20000
individual,RENT,13.58,30000
individual,OWN,6.71,5500
individual,RENT,9.93,14000
individual,OWN,15.05,11000
individual,MORTGAGE,9.43,4200
joint,OWN,11.99,30000
individual,RENT,9.93,10000
individual,MORTGAGE,11.98,11900
individual,OWN,17.09,15000
joint,MORTGAGE,9.44,5000
individual,OWN,9.93,15000
individual,RENT,20.0,26750
individual,MORTGAGE,5.31,6000
individual,OWN,12.62,10000
individual,OWN,23.88,17100
individual,OWN,7.34,3500
individual,RENT,7.34,5000
individual,MORTGAGE,7.96,6750
individual,OWN,9.43,16000
individual,MORTGAGE,15.04,35000
individual,RENT,11.99,15000
individual,RENT,13.58,20000
individual,MORTGAGE,25.82,20000
individual,OWN,5.32,15000
individual,MORTGAGE,10.91,15000
joint,RENT,6.71,21000
individual,MORTGAGE,12.61,3000
individual,MORTGAGE,16.01,27000
individual,MORTGAGE,21.45,15000
individual,RENT,14.07,14400
joint,MORTGAGE,7.34,20000
individual,RENT,18.45,3000
individual,MORTGAGE,22.91,2700
individual,MORTGAGE,19.42,25000
individual,MORTGAGE,7.35,25000
individual,OWN,9.44,40000
individual,RENT,7.97,7000
individual,RENT,17.47,16000
individual,MORTGAGE,16.02,3000
individual,RENT,20.39,8500
individual,RENT,7.96,1800
individual,MORTGAGE,18.45,20000
joint,MORTGAGE,7.34,25000
individual,RENT,10.9,22000
individual,MORTGAGE,12.62,35000
individual,OWN,24.84,30000
individual,MORTGAGE,21.85,30000
individual,MORTGAGE,6.72,10000
joint,MORTGAGE,10.42,28000
joint,MORTGAGE,6.71,6500
individual,RENT,11.98,25000
individual,RENT,16.02,4000
individual,RENT,12.61,8500
individual,RENT,11.99,38500
individual,OWN,19.42,29900
individual,OWN,15.05,24000
individual,OWN,26.3,20000
individual,RENT,17.09,15000
individual,MORTGAGE,16.02,30000
individual,MORTGAGE,7.35,20000
individual,MORTGAGE,6.07,40000
individual,MORTGAGE,6.72,15000
individual,MORTGAGE,18.45,6000
joint,OWN,20.0,5000
individual,MORTGAGE,12.62,36000
joint,MORTGAGE,9.93,15000
joint,OWN,9.43,7000
individual,RENT,9.43,12000
individual,RENT,7.34,11000
individual,RENT,12.61,16000
individual,MORTGAGE,7.97,16800
individual,RENT,17.47,4800
individual,OWN,14.08,22000
individual,MORTGAGE,19.42,4600
individual,MORTGAGE,6.72,18000
joint,MORTGAGE,11.99,12000
individual,MORTGAGE,19.42,15000
joint,MORTGAGE,28.72,30000
individual,OWN,19.42,16000
joint,MORTGAGE,12.61,30000
individual,MORTGAGE,9.44,24000
individual,MORTGAGE,13.58,10800
individual,RENT,21.85,19000
individual,RENT,12.62,28350
individual,RENT,14.07,2000
individual,MORTGAGE,6.72,22000
individual,RENT,14.08,7000
individual,MORTGAGE,9.43,10000
individual,MORTGAGE,16.01,5000
individual,MORTGAGE,10.41,4000
joint,MORTGAGE,13.59,19325
individual,OWN,11.99,12000
individual,MORTGAGE,10.42,2000
individual,OWN,18.06,12800
joint,MORTGAGE,6.71,7000
individual,RENT,13.59,8000
individual,MORTGAGE,21.45,25000
individual,OWN,15.05,8000
individual,MORTGAGE,7.35,40000
individual,OWN,17.47,20000
individual,RENT,6.07,10975
individual,MORTGAGE,21.45,7800
individual,MORTGAGE,26.3,20000
individual,MORTGAGE,7.97,10000
individual,RENT,16.02,10000
individual,OWN,14.08,7500
individual,OWN,11.99,10000
joint,MORTGAGE,17.09,15700
joint,RENT,17.09,25600
joint,RENT,26.3,24600
individual,RENT,6.07,8300
individual,RENT,7.96,18000
individual,RENT,17.09,7500
individual,RENT,6.07,20400
individual,MORTGAGE,13.58,12000
joint,OWN,5.31,9000
individual,MORTGAGE,10.91,40000
individual,MORTGAGE,6.07,25000
joint,RENT,11.98,3000
joint,MORTGAGE,9.44,40000
individual,RENT,15.05,12000
joint,MORTGAGE,7.34,40000
individual,MORTGAGE,10.41,6000
joint,MORTGAGE,13.58,28000
individual,RENT,9.43,14000
individual,MORTGAGE,11.98,26400
individual,OWN,15.04,25000
individual,MORTGAGE,12.62,30000
individual,MORTGAGE,7.96,12000
individual,RENT,15.05,9800
individual,RENT,7.97,15000
individual,MORTGAGE,9.43,3025
individual,OWN,11.99,2500
individual,OWN,6.08,36000
individual,OWN,11.99,24000
individual,RENT,18.45,24000
individual,OWN,11.98,5000
individual,RENT,21.85,9600
individual,RENT,10.42,4800
individual,MORTGAGE,17.09,20000
individual,RENT,9.92,3000
individual,RENT,10.42,29000
individual,MORTGAGE,9.93,3000
joint,MORTGAGE,12.62,2700
individual,RENT,13.59,16000
joint,MORTGAGE,11.99,13000
individual,MORTGAGE,11.99,14400
individual,RENT,16.02,8000
joint,RENT,6.72,25000
individual,OWN,18.06,28000
individual,RENT,9.43,3000
individual,RENT,25.82,24000
joint,MORTGAGE,6.71,24000
individual,MORTGAGE,5.32,20000
joint,OWN,7.97,7000
individual,OWN,9.44,12000
individual,OWN,12.62,11200
individual,MORTGAGE,7.34,38400
individual,MORTGAGE,10.42,18000
individual,RENT,14.07,2000
individual,MORTGAGE,13.58,13000
individual,OWN,9.44,8000
individual,RENT,14.08,17000
individual,MORTGAGE,16.01,40000
individual,RENT,22.9,1000
individual,RENT,17.09,6800
individual,RENT,16.01,35000
individual,MORTGAGE,10.91,24000
individual,RENT,16.01,15000
individual,MORTGAGE,6.72,5000
individual,RENT,15.04,25000
individual,RENT,14.08,25000
individual,MORTGAGE,17.09,15400
individual,RENT,9.44,40000
individual,OWN,14.07,10000
individual,RENT,16.02,20250
individual,MORTGAGE,5.31,12000
individual,MORTGAGE,6.72,7200
individual,MORTGAGE,5.32,10000
individual,RENT,9.93,15000
individual,MORTGAGE,9.93,10000
individual,MORTGAGE,13.59,11000
individual,MORTGAGE,10.9,3000
individual,MORTGAGE,13.59,25000
individual,RENT,6.72,7000
individual,MORTGAGE,10.42,6050
individual,RENT,14.07,10000
individual,RENT,16.02,30000
joint,RENT,15.05,4000
individual,RENT,18.45,5500
individual,MORTGAGE,13.59,6975
individual,RENT,16.01,10000
individual,RENT,15.04,20000
individual,RENT,19.03,15000
individual,MORTGAGE,7.35,40000
joint,MORTGAGE,9.43,10000
individual,RENT,7.97,13500
individual,MORTGAGE,20.39,10000
individual,RENT,10.42,40000
joint,RENT,7.97,20000
individual,MORTGAGE,7.34,10000
individual,RENT,11.98,15000
individual,OWN,12.62,8000
individual,MORTGAGE,15.05,7000
joint,RENT,10.91,9000
individual,MORTGAGE,11.99,22000
individual,RENT,9.44,15500
individual,RENT,9.92,9500
individual,RENT,19.42,10000
individual,OWN,12.62,10000
individual,RENT,14.07,4000
individual,MORTGAGE,14.08,24300
individual,OWN,12.61,35000
individual,OWN,9.93,10000
individual,MORTGAGE,26.3,30000
joint,MORTGAGE,13.59,12000
joint,MORTGAGE,9.93,17000
individual,MORTGAGE,5.31,10000
individual,RENT,6.71,10000
joint,MORTGAGE,14.08,5800
individual,MORTGAGE,9.92,35000
joint,OWN,9.44,13500
individual,OWN,9.93,20000
individual,RENT,10.42,7000
individual,MORTGAGE,14.08,12000
joint,MORTGAGE,7.35,17275
individual,RENT,17.09,35000
joint,MORTGAGE,19.03,3000
individual,RENT,19.42,10000
individual,MORTGAGE,9.93,40000
individual,RENT,10.42,2000
individual,MORTGAGE,13.59,33600
individual,RENT,7.35,3000
joint,RENT,16.01,8000
individual,RENT,11.99,8000
individual,RENT,7.34,3500
joint,OWN,15.05,15000
individual,OWN,14.08,15000
individual,MORTGAGE,7.35,22000
individual,RENT,11.98,13000
individual,MORTGAGE,11.98,25000
joint,MORTGAGE,7.35,22000
joint,MORTGAGE,12.62,15000
individual,RENT,14.07,20000
individual,RENT,17.47,24000
individual,MORTGAGE,6.07,12000
joint,MORTGAGE,19.03,16000
joint,MORTGAGE,9.43,16000
individual,MORTGAGE,13.59,6000
individual,RENT,7.96,10000
joint,MORTGAGE,12.62,20000
individual,MORTGAGE,7.96,13500
individual,RENT,15.04,6000
joint,MORTGAGE,11.98,18550
individual,MORTGAGE,23.88,16000
individual,OWN,18.06,20000
individual,MORTGAGE,21.45,30000
individual,MORTGAGE,10.9,31700
individual,RENT,14.08,11200
individual,RENT,16.02,12000
individual,RENT,7.35,17000
individual,RENT,6.08,11000
individual,RENT,20.0,9000
individual,RENT,9.43,19000
individual,MORTGAGE,17.47,8000
individual,MORTGAGE,9.43,26500
joint,RENT,26.77,25000
individual,MORTGAGE,7.97,14000
individual,MORTGAGE,15.05,5000
joint,OWN,15.04,2100
individual,MORTGAGE,11.99,10000
individual,MORTGAGE,9.93,33600
individual,MORTGAGE,6.72,14400
individual,MORTGAGE,9.44,10000
individual,OWN,6.08,5000
individual,RENT,19.03,3000
individual,RENT,14.07,4800
individual,MORTGAGE,10.91,22400
individual,MORTGAGE,15.04,35000
individual,RENT,7.97,10000
individual,RENT,14.08,9600
individual,MORTGAGE,10.91,14000
individual,OWN,10.91,6000
individual,MORTGAGE,9.43,6000
individual,MORTGAGE,9.92,12000
individual,RENT,10.91,4200
individual,RENT,21.45,25000
individual,RENT,13.59,16000
individual,RENT,6.71,5000
individual,RENT,6.71,36000
individual,OWN,9.93,16000
joint,MORTGAGE,9.92,22400
individual,MORTGAGE,11.98,13000
individual,OWN,21.45,15000
joint,MORTGAGE,9.93,40000
individual,RENT,10.42,17000
individual,MORTGAGE,29.69,35000
individual,RENT,6.08,10000
joint,RENT,18.06,16000
individual,MORTGAGE,9.92,20000
individual,RENT,10.91,15000
individual,RENT,10.91,12600
individual,RENT,15.04,10000
individual,MORTGAGE,7.96,1200
joint,RENT,5.31,13000
joint,MORTGAGE,19.42,24000
individual,OWN,10.42,16000
individual,OWN,13.59,6000
individual,OWN,15.05,14450
joint,OWN,13.58,1600
individual,MORTGAGE,9.43,40000
individual,MORTGAGE,5.32,8000
individual,RENT,9.93,5000
individual,MORTGAGE,11.98,31000
individual,RENT,17.47,12000
individual,RENT,12.62,17000
individual,MORTGAGE,10.42,18000
joint,MORTGAGE,9.43,25000
individual,RENT,10.9,25000
individual,MORTGAGE,16.02,20000
individual,RENT,7.97,12000
individual,MORTGAGE,7.35,24000
individual,RENT,15.05,30000
individual,MORTGAGE,11.99,25000
individual,MORTGAGE,10.41,40000
individual,RENT,9.93,10000
individual,RENT,7.35,16000
individual,MORTGAGE,7.34,25000
individual,MORTGAGE,7.96,36000
individual,RENT,13.58,9600
individual,MORTGAGE,6.07,6000
individual,RENT,14.07,20000
individual,RENT,6.07,15000
individual,RENT,9.93,15000
individual,MORTGAGE,12.61,7000
individual,RENT,5.32,6000
joint,RENT,21.85,5000
individual,MORTGAGE,16.01,8000
individual,MORTGAGE,15.04,16000
individual,MORTGAGE,5.31,5000
individual,MORTGAGE,7.97,40000
individual,RENT,12.62,25000
joint,RENT,15.04,10000
joint,RENT,21.85,3000
individual,MORTGAGE,9.43,28000
individual,MORTGAGE,9.44,10000
individual,MORTGAGE,6.07,7000
individual,MORTGAGE,7.96,14975
individual,OWN,20.0,10000
individual,MORTGAGE,10.42,2200
individual,MORTGAGE,19.42,30000
individual,OWN,7.35,38400
individual,OWN,11.98,40000
individual,MORTGAGE,13.58,40000
individual,OWN,20.39,12800
individual,MORTGAGE,9.43,7000
individual,MORTGAGE,7.35,20000
individual,RENT,15.04,20175
individual,MORTGAGE,12.62,25000
individual,RENT,5.32,35000
individual,RENT,9.92,5000
individual,RENT,6.07,3000
individual,OWN,20.0,20000
individual,RENT,10.41,35000
individual,RENT,6.07,35000
individual,MORTGAGE,11.99,4000
individual,MORTGAGE,7.96,12000
joint,MORTGAGE,10.91,12000
individual,RENT,15.05,15000
individual,RENT,10.42,10000
individual,RENT,7.97,24000
individual,RENT,10.41,20000
individual,RENT,9.93,3000
individual,MORTGAGE,9.93,15000
individual,RENT,7.35,10000
joint,RENT,18.06,2200
individual,RENT,6.08,18000
joint,MORTGAGE,6.07,25000
individual,MORTGAGE,6.71,30000
individual,OWN,9.92,12000
individual,OWN,14.08,5000
individual,RENT,10.42,2400
individual,RENT,18.06,8000
joint,MORTGAGE,26.3,9550
individual,RENT,15.05,3000
joint,MORTGAGE,15.05,40000
individual,RENT,10.91,8000
individual,OWN,7.97,35000
individual,RENT,7.96,35000
joint,MORTGAGE,7.97,9000
individual,RENT,5.32,22000
joint,MORTGAGE,14.08,26000
individual,MORTGAGE,7.97,4000
individual,RENT,21.85,1000
individual,MORTGAGE,13.59,25000
individual,RENT,9.92,20000
individual,OWN,18.45,14000
individual,MORTGAGE,20.0,35000
individual,RENT,5.32,10000
individual,RENT,13.59,5000
individual,MORTGAGE,6.72,25000
individual,MORTGAGE,15.05,10000
individual,RENT,10.42,21000
individual,RENT,7.97,12000
individual,MORTGAGE,7.34,40000
individual,RENT,15.05,5000
individual,MORTGAGE,19.03,6000
individual,RENT,20.39,3600
individual,RENT,9.92,24000
individual,OWN,16.02,30000
joint,MORTGAGE,16.01,30000
individual,MORTGAGE,24.85,30000
joint,MORTGAGE,24.84,30000
individual,RENT,13.59,15000
joint,MORTGAGE,13.58,20000
individual,MORTGAGE,6.08,10000
individual,RENT,7.35,11000
individual,MORTGAGE,7.35,40000
individual,RENT,13.58,3500
individual,RENT,9.44,10000
individual,OWN,17.09,14400
individual,OWN,12.62,10000
individual,MORTGAGE,12.61,16000
individual,RENT,7.34,14400
individual,RENT,19.03,10000
individual,MORTGAGE,6.71,14500
individual,MORTGAGE,6.08,10000
individual,OWN,10.42,15000
individual,MORTGAGE,9.92,21000
individual,RENT,19.42,5000
individual,RENT,14.07,40000
joint,MORTGAGE,7.35,40000
individual,MORTGAGE,18.45,8500
individual,MORTGAGE,6.08,20000
individual,RENT,12.62,13000
joint,RENT,15.04,5400
joint,MORTGAGE,7.35,12000
individual,MORTGAGE,6.07,22000
individual,MORTGAGE,6.72,3600
individual,OWN,5.32,8000
individual,RENT,26.3,24000
individual,MORTGAGE,7.35,35000
joint,RENT,10.9,16000
individual,MORTGAGE,9.93,24000
individual,MORTGAGE,15.05,3000
individual,MORTGAGE,6.07,20000
individual,MORTGAGE,5.32,20000
individual,MORTGAGE,18.06,10000
individual,MORTGAGE,26.3,22100
individual,OWN,14.07,15000
joint,MORTGAGE,19.03,40000
joint,RENT,15.05,18000
individual,RENT,6.72,1200
individual,MORTGAGE,14.08,35000
individual,MORTGAGE,11.99,6000
individual,MORTGAGE,5.31,10000
individual,RENT,23.87,20000
individual,OWN,9.43,20000
individual,MORTGAGE,6.72,25000
individual,RENT,19.03,35000
individual,MORTGAGE,11.99,6000
individual,RENT,21.45,20000
individual,MORTGAGE,6.08,16000
individual,OWN,11.98,35000
individual,MORTGAGE,9.43,10000
individual,MORTGAGE,5.32,40000
joint,RENT,10.9,3000
joint,MORTGAGE,7.34,1800
individual,MORTGAGE,10.9,6000
individual,RENT,6.72,9000
individual,MORTGAGE,10.42,19600
individual,RENT,10.9,3000
joint,OWN,17.47,36000
individual,RENT,16.01,7200
individual,RENT,11.99,5000
individual,MORTGAGE,26.3,12000
individual,OWN,9.44,18000
joint,MORTGAGE,10.42,30000
individual,RENT,11.98,22000
individual,MORTGAGE,7.96,8000
individual,RENT,11.98,7000
individual,MORTGAGE,5.32,25000
joint,MORTGAGE,6.72,35000
joint,OWN,9.44,13500
individual,MORTGAGE,6.07,20000
individual,RENT,21.45,5000
individual,MORTGAGE,12.62,30000
individual,RENT,13.58,16000
individual,OWN,25.82,10500
joint,MORTGAGE,5.31,3350
individual,MORTGAGE,15.04,40000
individual,RENT,6.08,10000
individual,MORTGAGE,10.42,40000
joint,OWN,6.72,18000
individual,MORTGAGE,16.02,25000
individual,RENT,22.9,24000
individual,MORTGAGE,15.04,15000
individual,RENT,10.41,10000
individual,MORTGAGE,9.93,1000
individual,MORTGAGE,15.05,27000
individual,MORTGAGE,16.02,16000
individual,RENT,26.77,25000
individual,MORTGAGE,12.62,10000
individual,MORTGAGE,13.58,33400
individual,OWN,9.44,36000
joint,RENT,10.42,11500
individual,MORTGAGE,10.9,15000
individual,RENT,11.99,5000
individual,RENT,9.44,20000
individual,MORTGAGE,9.93,6000
joint,MORTGAGE,14.08,21600
individual,RENT,11.98,10000
joint,OWN,11.99,40000
individual,MORTGAGE,16.02,8400
individual,OWN,9.43,28000
individual,MORTGAGE,5.31,18000
individual,MORTGAGE,9.93,10000
individual,OWN,15.05,25000
individual,MORTGAGE,9.43,7000
individual,MORTGAGE,16.02,7500
individual,MORTGAGE,15.04,21000
joint,RENT,9.93,2600
individual,MORTGAGE,14.08,8000
individual,MORTGAGE,7.35,22000
individual,MORTGAGE,5.32,9000
individual,MORTGAGE,20.0,17650
individual,RENT,10.42,1800
individual,MORTGAGE,6.08,8000
individual,RENT,5.32,10000
individual,MORTGAGE,9.92,10000
joint,MORTGAGE,14.07,25000
joint,OWN,9.93,40000
individual,MORTGAGE,6.72,30000
individual,RENT,15.04,15000
individual,RENT,9.44,9800
individual,MORTGAGE,10.91,21000
individual,RENT,9.93,25000
individual,MORTGAGE,13.59,5000
individual,MORTGAGE,7.96,3000
individual,MORTGAGE,16.01,11200
individual,RENT,10.42,7000
individual,MORTGAGE,9.92,21000
individual,MORTGAGE,9.93,29600
joint,RENT,17.09,10000
individual,MORTGAGE,7.35,6000
individual,RENT,16.02,20000
individual,MORTGAGE,13.59,10000
individual,RENT,15.05,16000
individual,MORTGAGE,17.09,20000
individual,MORTGAGE,7.97,20000
individual,RENT,6.71,10000
individual,MORTGAGE,15.04,17600
individual,MORTGAGE,15.05,38400
joint,RENT,30.75,20000
individual,RENT,19.03,2500
individual,MORTGAGE,10.9,35000
individual,RENT,13.59,8000
individual,MORTGAGE,9.92,28000
joint,MORTGAGE,9.93,25000
individual,MORTGAGE,11.99,12000
joint,RENT,9.44,36000
individual,RENT,12.61,10800
individual,MORTGAGE,7.97,20000
individual,MORTGAGE,10.9,12800
individual,MORTGAGE,11.99,8725
individual,MORTGAGE,10.42,20000
joint,RENT,18.45,5400
individual,MORTGAGE,12.61,12800
individual,RENT,7.96,24000
individual,OWN,6.71,1700
individual,OWN,17.47,25000
joint,MORTGAGE,9.93,40000
individual,RENT,13.58,4000
individual,MORTGAGE,6.71,25000
individual,MORTGAGE,19.03,10000
individual,RENT,19.42,32400
individual,MORTGAGE,5.32,21000
individual,RENT,26.3,12000
individual,OWN,11.98,16000
individual,MORTGAGE,9.93,3000
individual,MORTGAGE,5.32,25000
individual,MORTGAGE,11.99,10000
individual,MORTGAGE,11.99,19350
individual,MORTGAGE,21.45,22425
individual,OWN,12.61,5600
individual,RENT,7.96,10000
individual,RENT,11.98,12000
individual,MORTGAGE,9.44,20000
joint,OWN,6.71,40000
individual,MORTGAGE,9.44,40000
individual,RENT,9.93,36000
joint,OWN,5.32,30000
individual,MORTGAGE,9.93,32000
individual,RENT,5.32,5150
individual,MORTGAGE,13.59,35000
individual,OWN,15.05,10000
individual,MORTGAGE,6.72,10200
joint,OWN,9.92,3500
individual,RENT,7.35,20000
individual,RENT,12.62,40000
individual,OWN,7.96,15000
individual,MORTGAGE,12.61,8000
individual,RENT,10.42,21000
individual,RENT,24.85,25000
individual,OWN,21.45,25000
joint,RENT,16.02,28000
individual,MORTGAGE,5.32,7500
joint,MORTGAGE,15.05,35000
individual,MORTGAGE,16.01,10000
individual,OWN,17.47,10000
joint,RENT,7.96,10000
individual,RENT,13.58,35000
individual,RENT,6.72,25000
individual,MORTGAGE,6.07,1800
individual,MORTGAGE,6.08,8000
individual,RENT,14.08,12000
individual,MORTGAGE,12.62,12975
individual,OWN,7.97,6500
individual,RENT,19.03,28000
individual,OWN,10.41,4500
individual,MORTGAGE,9.44,4550
individual,MORTGAGE,5.31,10000
individual,MORTGAGE,19.03,2700
individual,MORTGAGE,18.45,15000
individual,RENT,20.0,20850
individual,OWN,6.08,7500
individual,RENT,7.97,10000
individual,RENT,6.72,5000
individual,MORTGAGE,15.05,5000
individual,RENT,13.58,9000
individual,MORTGAGE,13.59,15000
individual,MORTGAGE,6.07,3700
individual,MORTGAGE,21.85,18000
joint,MORTGAGE,9.93,24000
individual,OWN,21.85,30000
individual,MORTGAGE,17.47,12000
individual,MORTGAGE,12.62,20000
individual,RENT,6.71,7800
individual,MORTGAGE,11.99,12000
individual,RENT,19.42,13000
individual,MORTGAGE,9.92,40000
joint,RENT,7.34,16000
individual,RENT,12.61,16000
individual,MORTGAGE,13.59,35000
individual,RENT,17.09,16000
individual,MORTGAGE,7.97,40000
joint,RENT,19.42,15000
joint,MORTGAGE,16.01,27600
individual,RENT,9.44,20000
individual,MORTGAGE,21.45,4000
joint,MORTGAGE,14.08,38000
individual,RENT,15.04,19000
individual,RENT,16.01,13000
joint,RENT,9.43,8500
individual,MORTGAGE,14.08,10000
individual,MORTGAGE,10.9,16000
individual,MORTGAGE,7.96,5600
individual,MORTGAGE,6.08,15000
individual,RENT,7.97,15000
individual,OWN,9.92,10000
individual,MORTGAGE,15.04,32400
individual,RENT,14.08,20000
individual,RENT,6.71,3500
individual,RENT,10.42,2500
individual,RENT,13.59,16000
individual,MORTGAGE,13.59,21600
individual,RENT,20.0,5000
individual,RENT,9.44,2100
individual,RENT,6.72,15000
individual,MORTGAGE,11.99,21000
individual,RENT,13.59,10000
individual,OWN,11.99,20000
individual,OWN,13.59,28000
individual,MORTGAGE,10.91,7000
individual,RENT,21.45,15000
individual,RENT,6.08,6000
individual,OWN,5.32,12000
individual,MORTGAGE,18.06,5000
individual,RENT,21.85,20000
individual,RENT,23.87,30000
individual,OWN,5.31,21000
individual,MORTGAGE,6.71,18000
individual,RENT,19.42,10000
individual,RENT,7.97,15000
individual,RENT,7.97,20000
individual,MORTGAGE,16.02,19500
individual,RENT,18.06,22000
individual,MORTGAGE,5.31,12000
individual,RENT,10.91,3000
individual,OWN,15.04,8000
joint,RENT,13.58,17600
joint,MORTGAGE,20.39,10000
individual,RENT,18.06,5000
individual,RENT,19.03,15000
individual,RENT,25.81,30000
individual,RENT,15.04,25050
individual,MORTGAGE,7.96,7500
individual,OWN,11.98,11200
joint,MORTGAGE,5.32,12800
individual,OWN,16.01,20000
individual,MORTGAGE,9.92,21000
joint,MORTGAGE,18.45,10000
individual,RENT,16.02,11200
individual,RENT,7.97,12600
individual,OWN,13.59,6000
individual,MORTGAGE,16.01,12000
individual,MORTGAGE,9.44,16000
individual,MORTGAGE,11.99,5125
joint,MORTGAGE,12.61,26000
joint,MORTGAGE,14.07,15600
individual,MORTGAGE,10.91,13000
individual,RENT,7.96,5600
individual,MORTGAGE,7.97,10000
individual,RENT,18.06,20200
individual,MORTGAGE,10.91,10000
individual,RENT,21.85,2000
joint,OWN,11.99,34650
individual,RENT,10.91,18000
individual,RENT,15.05,12000
individual,RENT,6.72,3000
individual,MORTGAGE,9.93,14900
individual,OWN,9.43,9000
individual,RENT,13.58,5000
joint,RENT,10.9,15000
individual,MORTGAGE,12.62,9000
individual,RENT,9.92,5000
individual,MORTGAGE,11.98,14000
individual,RENT,15.05,4800
individual,RENT,7.97,16000
individual,RENT,18.45,16000
individual,RENT,15.04,10000
joint,MORTGAGE,13.59,7500
individual,OWN,12.62,36000
individual,MORTGAGE,9.44,40000
individual,MORTGAGE,19.03,10000
individual,OWN,6.71,15000
joint,RENT,28.72,11000
individual,MORTGAGE,7.96,3000
joint,MORTGAGE,10.91,6500
individual,MORTGAGE,21.85,9000
individual,RENT,9.93,16000
individual,MORTGAGE,9.93,10000
individual,MORTGAGE,6.07,12000
individual,RENT,12.61,16000
individual,MORTGAGE,18.45,12000
individual,MORTGAGE,14.07,8500
individual,MORTGAGE,6.07,5000
individual,RENT,16.01,20000
individual,MORTGAGE,6.72,36000
individual,OWN,7.35,3000
individual,RENT,9.92,10000
individual,MORTGAGE,12.62,7500
individual,RENT,16.02,20000
joint,RENT,11.99,6000
individual,OWN,13.59,7000
individual,MORTGAGE,9.43,3000
individual,RENT,6.08,7000
individual,MORTGAGE,11.98,15000
joint,OWN,9.44,5000
joint,MORTGAGE,7.97,15000
joint,RENT,10.42,6600
individual,MORTGAGE,7.97,30000
individual,RENT,12.62,15000
individual,MORTGAGE,11.99,10000
individual,RENT,13.59,10000
individual,OWN,21.45,17000
individual,MORTGAGE,7.34,10800
individual,OWN,18.06,1000
individual,RENT,7.34,36000
individual,RENT,9.92,40000
joint,MORTGAGE,16.01,20000
individual,MORTGAGE,10.9,2000
individual,MORTGAGE,9.44,25000
individual,RENT,25.82,30000
individual,RENT,20.39,16000
joint,RENT,7.97,12000
individual,RENT,10.91,1800
individual,RENT,10.41,12000
individual,MORTGAGE,10.42,10000
individual,MORTGAGE,26.3,25000
individual,MORTGAGE,7.96,40000
individual,RENT,15.04,12000
individual,MORTGAGE,19.42,14000
joint,MORTGAGE,6.08,30000
individual,MORTGAGE,7.34,25000
joint,OWN,18.06,6000
individual,MORTGAGE,5.32,2500
individual,MORTGAGE,11.99,35000
individual,MORTGAGE,5.31,15000
individual,MORTGAGE,7.35,6000
individual,RENT,11.99,11200
individual,MORTGAGE,9.44,36000
individual,MORTGAGE,21.45,10000
joint,MORTGAGE,6.08,40000
joint,MORTGAGE,12.62,10000
individual,MORTGAGE,11.99,30000
individual,RENT,7.97,20000
joint,MORTGAGE,10.42,32000
individual,RENT,10.9,10000
joint,MORTGAGE,10.9,30000
individual,RENT,15.05,5000
individual,MORTGAGE,16.02,20000
individual,RENT,9.93,16000
joint,MORTGAGE,9.43,25000
joint,MORTGAGE,14.07,12000
individual,OWN,6.07,21000
individual,RENT,19.03,28000
individual,RENT,21.45,24000
individual,RENT,10.91,30000
individual,RENT,9.44,10000
individual,RENT,17.09,13800
individual,RENT,18.45,18000
individual,RENT,6.72,12000
joint,RENT,16.02,24000
joint,MORTGAGE,7.97,11500
individual,OWN,17.09,25200
individual,MORTGAGE,5.32,10000
individual,MORTGAGE,16.02,3000
individual,MORTGAGE,9.92,8000
individual,RENT,6.07,12000
individual,RENT,11.98,5200
individual,RENT,16.01,10000
individual,OWN,18.06,12000
individual,OWN,6.71,4800
individual,MORTGAGE,20.0,3200
individual,RENT,12.62,10000
individual,RENT,12.61,30000
individual,OWN,12.62,10000
individual,MORTGAGE,15.04,40000
individual,RENT,5.32,17000
individual,RENT,7.97,10000
joint,MORTGAGE,14.07,16000
individual,RENT,18.06,4000
individual,RENT,10.91,7000
individual,MORTGAGE,17.09,14000
joint,MORTGAGE,11.99,40000
individual,OWN,21.45,29400
individual,RENT,17.09,20000
individual,MORTGAGE,6.08,7000
individual,RENT,10.42,14000
individual,MORTGAGE,23.88,10000
individual,OWN,6.08,4000
individual,RENT,24.84,6000
individual,MORTGAGE,6.07,23000
individual,RENT,9.44,3600
individual,MORTGAGE,6.08,40000
individual,RENT,19.03,2400
joint,MORTGAGE,30.17,28000
individual,RENT,14.07,6500
individual,OWN,6.71,18000
individual,RENT,15.05,3000
individual,RENT,21.85,20000
individual,MORTGAGE,7.97,2200
individual,MORTGAGE,6.72,20000
individual,RENT,6.07,25000
individual,MORTGAGE,9.93,7200
individual,MORTGAGE,17.47,12950
joint,RENT,20.39,15000
individual,MORTGAGE,6.72,9050
individual,MORTGAGE,9.92,6400
individual,MORTGAGE,14.07,20000
individual,MORTGAGE,9.93,30000
individual,MORTGAGE,5.32,10000
individual,MORTGAGE,5.31,40000
individual,OWN,6.08,14000
individual,MORTGAGE,11.98,5000
individual,MORTGAGE,11.99,12000
individual,MORTGAGE,9.43,2400
individual,MORTGAGE,14.08,6000
individual,MORTGAGE,5.31,39200
individual,MORTGAGE,21.85,20000
individual,OWN,14.07,1000
individual,MORTGAGE,6.72,10000
individual,RENT,17.09,12000
individual,MORTGAGE,21.45,20000
individual,RENT,11.98,20000
individual,MORTGAGE,9.43,15000
individual,RENT,26.3,12000
individual,RENT,21.45,25600
individual,MORTGAGE,9.43,29000
individual,RENT,16.01,11000
individual,RENT,14.08,17500
individual,OWN,7.97,25000
individual,OWN,9.93,33000
individual,MORTGAGE,5.31,30000
individual,MORTGAGE,16.01,17000
joint,MORTGAGE,15.04,30000
individual,RENT,18.45,30000
joint,MORTGAGE,6.72,32175
joint,MORTGAGE,7.96,20000
joint,MORTGAGE,10.9,15000
individual,MORTGAGE,7.96,16000
individual,RENT,6.07,20000
joint,MORTGAGE,15.05,20000
individual,RENT,5.31,40000
individual,MORTGAGE,15.04,40000
joint,MORTGAGE,11.99,27000
individual,MORTGAGE,7.35,10000
individual,RENT,13.59,5000
joint,RENT,15.04,20000
individual,OWN,9.43,7800
individual,MORTGAGE,7.35,8000
individual,MORTGAGE,13.58,17600
individual,MORTGAGE,11.99,6400
individual,MORTGAGE,7.35,35000
individual,OWN,20.39,14000
joint,RENT,10.91,5000
individual,MORTGAGE,17.09,28000
individual,RENT,10.42,10000
individual,RENT,9.44,14000
individual,OWN,6.71,5000
individual,RENT,10.91,15000
joint,RENT,12.62,37000
individual,OWN,6.72,3500
joint,OWN,24.84,10000
individual,MORTGAGE,10.41,34425
individual,MORTGAGE,9.92,6000
individual,MORTGAGE,13.59,15600
individual,RENT,15.04,7000
individual,OWN,5.31,3100
individual,RENT,9.44,8400
individual,MORTGAGE,18.06,3025
joint,RENT,11.99,4000
individual,RENT,9.43,9000
individual,RENT,6.07,8400
joint,MORTGAGE,13.59,32000
individual,RENT,17.47,7550
individual,MORTGAGE,7.35,8000
individual,RENT,7.35,16000
joint,MORTGAGE,11.99,35200
individual,MORTGAGE,10.9,25000
joint,MORTGAGE,19.03,30000
individual,MORTGAGE,7.35,10000
individual,OWN,10.42,10000
individual,MORTGAGE,14.08,25000
individual,OWN,12.62,8000
individual,MORTGAGE,9.43,3200
individual,OWN,16.02,14850
individual,MORTGAGE,11.99,12000
individual,MORTGAGE,10.42,10000
individual,RENT,6.71,6000
individual,RENT,6.08,9800
individual,RENT,12.62,4500
individual,MORTGAGE,10.42,40000
individual,MORTGAGE,10.41,9000
individual,MORTGAGE,5.31,39000
individual,MORTGAGE,11.98,8400
individual,MORTGAGE,6.72,5100
individual,MORTGAGE,26.77,10000
individual,RENT,10.42,8000
individual,RENT,9.43,24000
individual,RENT,11.99,20000
individual,MORTGAGE,7.35,12500
individual,RENT,9.44,7000
individual,MORTGAGE,10.42,12000
individual,RENT,15.05,22000
individual,MORTGAGE,16.01,15000
individual,RENT,9.93,33000
individual,RENT,9.44,5600
individual,RENT,7.97,10000
individual,RENT,17.09,5100
individual,RENT,18.06,10000
individual,RENT,13.58,10000
individual,MORTGAGE,9.93,20000
joint,RENT,20.0,15600
individual,RENT,9.43,15000
individual,OWN,7.97,20000
individual,RENT,16.01,12000
joint,RENT,25.81,10000
individual,MORTGAGE,12.61,3000
individual,RENT,21.85,11200
individual,MORTGAGE,7.34,7000
individual,RENT,7.96,16000
individual,MORTGAGE,6.72,8650
individual,MORTGAGE,11.99,10000
individual,MORTGAGE,6.07,15000
individual,MORTGAGE,5.31,20000
joint,MORTGAGE,9.44,10000
individual,MORTGAGE,24.85,12000
individual,RENT,13.59,5000
individual,OWN,17.09,28000
individual,RENT,17.47,5000
individual,MORTGAGE,7.35,38400
individual,MORTGAGE,10.91,5400
individual,RENT,9.43,25000
joint,OWN,18.45,25000
individual,MORTGAGE,7.34,30000
individual,MORTGAGE,17.09,9550
individual,RENT,7.97,5500
individual,MORTGAGE,19.42,8000
individual,RENT,9.93,15000
individual,RENT,17.09,11000
joint,MORTGAGE,12.61,35000
individual,RENT,20.0,10000
individual,OWN,9.93,3600
individual,MORTGAGE,7.35,7000
individual,MORTGAGE,19.03,3000
joint,MORTGAGE,18.06,35000
individual,OWN,6.72,15000
individual,MORTGAGE,10.91,25000
individual,RENT,15.04,20000
individual,MORTGAGE,13.59,3000
individual,MORTGAGE,9.44,5000
individual,RENT,20.39,10000
individual,MORTGAGE,9.43,14000
individual,RENT,11.99,2000
individual,MORTGAGE,11.99,15000
joint,RENT,13.58,7200
individual,MORTGAGE,18.45,12000
individual,MORTGAGE,15.05,32000
individual,MORTGAGE,7.97,35000
individual,RENT,10.42,7000
individual,RENT,21.45,16000
individual,RENT,19.03,15000
individual,MORTGAGE,6.71,3000
individual,MORTGAGE,21.85,32000
individual,MORTGAGE,12.62,10000
individual,MORTGAGE,13.58,10450
individual,MORTGAGE,18.06,10000
individual,MORTGAGE,10.9,13000
joint,MORTGAGE,18.45,16000
individual,MORTGAGE,6.72,5000
individual,MORTGAGE,20.0,30000
joint,MORTGAGE,5.31,27000
individual,MORTGAGE,5.31,30000
individual,RENT,9.93,25000
joint,MORTGAGE,15.05,32000
individual,OWN,7.96,10000
individual,MORTGAGE,9.93,40000
joint,MORTGAGE,7.34,10000
individual,RENT,14.08,18000
joint,MORTGAGE,9.44,10000
individual,MORTGAGE,21.85,13575
joint,MORTGAGE,14.07,30000
individual,MORTGAGE,12.62,40000
joint,MORTGAGE,11.99,2500
individual,RENT,6.71,10000
individual,RENT,16.02,14400
individual,MORTGAGE,9.93,25000
individual,RENT,6.72,15000
individual,MORTGAGE,16.02,14000
joint,OWN,9.44,6000
individual,RENT,14.08,24000
joint,RENT,6.71,8000
joint,MORTGAGE,7.34,11200
joint,RENT,12.62,13000
individual,MORTGAGE,15.04,1200
individual,MORTGAGE,9.92,28000
individual,RENT,16.01,5000
individual,MORTGAGE,14.07,20000
individual,RENT,18.45,28000
individual,MORTGAGE,16.01,31000
joint,OWN,26.3,16000
individual,MORTGAGE,26.77,10000
individual,RENT,13.58,15000
individual,RENT,11.99,25000
individual,RENT,9.93,10000
individual,MORTGAGE,19.42,15800
joint,RENT,7.96,2000
individual,OWN,9.43,24775
individual,OWN,14.08,10000
individual,RENT,5.31,5000
individual,RENT,9.93,22000
joint,RENT,18.06,40000
individual,OWN,17.09,9000
individual,OWN,7.97,5000
individual,RENT,17.47,5000
individual,RENT,25.81,16000
individual,MORTGAGE,7.97,40000
individual,MORTGAGE,15.04,25000
individual,MORTGAGE,19.03,30000
individual,RENT,15.05,7200
individual,RENT,9.44,8000
individual,RENT,14.07,30000
individual,RENT,9.43,10000
individual,RENT,10.91,3000
individual,RENT,19.42,4475
individual,OWN,10.42,9500
individual,RENT,9.93,35000
individual,RENT,14.07,9000
individual,RENT,18.45,20000
individual,RENT,11.99,20000
individual,RENT,10.41,20000
individual,RENT,9.93,28000
individual,RENT,7.35,4800
individual,OWN,11.99,15000
joint,RENT,9.92,19200
individual,MORTGAGE,12.61,32000
individual,MORTGAGE,11.98,12000
individual,MORTGAGE,9.93,13000
individual,MORTGAGE,7.35,7500
individual,RENT,9.92,10000
individual,MORTGAGE,9.43,10000
individual,RENT,12.61,30000
joint,OWN,17.47,15825
joint,MORTGAGE,15.05,33300
joint,MORTGAGE,5.32,8400
individual,RENT,13.59,12000
joint,MORTGAGE,14.08,30000
individual,MORTGAGE,7.97,30000
joint,MORTGAGE,10.42,16000
individual,OWN,7.97,10000
individual,RENT,15.04,12000
joint,MORTGAGE,15.04,19500
joint,MORTGAGE,26.3,35000
individual,RENT,12.62,33600
individual,MORTGAGE,24.85,29400
individual,RENT,6.71,40000
individual,MORTGAGE,10.91,35000
individual,RENT,16.02,30000
joint,MORTGAGE,19.03,15000
individual,RENT,10.91,1500
individual,MORTGAGE,13.58,15000
individual,RENT,6.72,33250
individual,RENT,14.08,25000
individual,MORTGAGE,6.08,35000
individual,RENT,7.96,5500
individual,MORTGAGE,17.47,16000
individual,RENT,20.0,8000
individual,RENT,6.07,16000
individual,MORTGAGE,13.58,3200
individual,MORTGAGE,15.05,40000
joint,MORTGAGE,5.32,20000
individual,MORTGAGE,5.31,10000
individual,MORTGAGE,17.47,20000
individual,MORTGAGE,12.62,22000
individual,RENT,25.82,12475
individual,RENT,17.09,35000
individual,OWN,13.58,12000
joint,MORTGAGE,15.04,40000
individual,MORTGAGE,10.91,11500
individual,MORTGAGE,9.43,4000
individual,MORTGAGE,11.98,16000
individual,MORTGAGE,10.41,6000
individual,RENT,12.62,11000
individual,MORTGAGE,9.44,5000
joint,OWN,13.59,7000
individual,MORTGAGE,30.94,35000
individual,OWN,18.06,35000
individual,OWN,13.58,8400
individual,MORTGAGE,7.97,5000
individual,RENT,6.72,30000
individual,RENT,9.92,10000
individual,RENT,10.9,3000
individual,MORTGAGE,20.39,10500
joint,OWN,10.9,10000
individual,RENT,7.35,13200
individual,RENT,11.99,5000
individual,MORTGAGE,7.96,10000
individual,RENT,9.93,15000
individual,MORTGAGE,9.43,40000
individual,MORTGAGE,7.97,10000
individual,MORTGAGE,16.01,10000
individual,RENT,10.42,24000
individual,RENT,7.96,3000
joint,MORTGAGE,9.44,15000
individual,OWN,7.35,4000
individual,MORTGAGE,11.99,40000
individual,MORTGAGE,12.62,10000
individual,MORTGAGE,26.77,30000
individual,MORTGAGE,6.72,24000
individual,MORTGAGE,5.32,6000
individual,RENT,9.44,1500
individual,MORTGAGE,9.92,40000
individual,OWN,12.61,30000
individual,RENT,7.34,14000
individual,MORTGAGE,9.93,17000
individual,RENT,14.08,3200
individual,RENT,7.35,23000
joint,OWN,12.62,20000
individual,MORTGAGE,25.82,2000
individual,RENT,25.82,16300
individual,MORTGAGE,7.96,40000
individual,MORTGAGE,9.92,7500
individual,MORTGAGE,11.98,15000
joint,MORTGAGE,18.45,8000
individual,RENT,9.93,40000
individual,MORTGAGE,10.91,35000
individual,OWN,17.47,20000
individual,MORTGAGE,14.08,30000
individual,MORTGAGE,7.96,18000
individual,OWN,7.97,2000
individual,RENT,12.61,24000
individual,MORTGAGE,16.02,10000
individual,RENT,11.98,25000
joint,RENT,19.03,25600
individual,MORTGAGE,19.42,7000
individual,RENT,13.58,5000
individual,MORTGAGE,9.44,40000
individual,MORTGAGE,10.91,12000
individual,OWN,26.3,30000
individual,RENT,6.07,8000
individual,MORTGAGE,9.93,30000
joint,MORTGAGE,6.72,21500
individual,MORTGAGE,11.99,20000
joint,RENT,19.42,15000
individual,RENT,7.96,9000
individual,RENT,17.47,3000
individual,MORTGAGE,7.96,8000
individual,MORTGAGE,7.34,9000
individual,MORTGAGE,13.58,23475
joint,MORTGAGE,21.45,20000
individual,OWN,11.99,20000
individual,RENT,6.08,10000
individual,OWN,17.47,20000
individual,RENT,15.05,10000
joint,MORTGAGE,5.32,30000
individual,MORTGAGE,13.58,35000
individual,MORTGAGE,6.72,20000
joint,MORTGAGE,30.79,40000
individual,RENT,10.9,30000
individual,OWN,9.92,8000
individual,MORTGAGE,9.93,7500
individual,RENT,11.98,1000
joint,RENT,15.05,11200
individual,MORTGAGE,13.58,22750
individual,MORTGAGE,7.34,36000
individual,RENT,15.05,10000
individual,OWN,16.01,18000
individual,RENT,14.08,3000
individual,RENT,21.45,28000
individual,RENT,16.02,4000
individual,MORTGAGE,6.07,4000
individual,OWN,6.72,15600
individual,MORTGAGE,16.02,11800
individual,RENT,9.93,8000
individual,RENT,14.08,20000
individual,MORTGAGE,10.9,20000
individual,RENT,14.07,25000
individual,RENT,26.3,12000
individual,MORTGAGE,7.34,12000
joint,MORTGAGE,20.39,14000
joint,MORTGAGE,9.44,20000
individual,OWN,12.62,20000
individual,MORTGAGE,9.44,9600
individual,MORTGAGE,7.34,6000
individual,MORTGAGE,9.92,8400
individual,RENT,15.05,35000
joint,OWN,15.05,27500
individual,MORTGAGE,17.47,4000
individual,RENT,18.45,1500
individual,RENT,11.99,2500
individual,MORTGAGE,15.04,24000
individual,MORTGAGE,12.61,10000
individual,MORTGAGE,18.06,8000
individual,RENT,9.93,14500
individual,MORTGAGE,12.62,24000
individual,MORTGAGE,10.91,10000
individual,MORTGAGE,13.58,6000
individual,MORTGAGE,12.61,20000
individual,MORTGAGE,13.58,16000
individual,MORTGAGE,7.97,40000
individual,MORTGAGE,19.42,18000
individual,RENT,13.59,2800
individual,MORTGAGE,6.72,12000
individual,MORTGAGE,20.39,30000
individual,MORTGAGE,12.62,16000
individual,MORTGAGE,18.45,20000
joint,RENT,7.34,20000
individual,RENT,16.02,16000
individual,MORTGAGE,15.04,12800
individual,RENT,25.81,30000
joint,MORTGAGE,13.58,13650
individual,RENT,5.32,7000
individual,OWN,10.42,20000
individual,MORTGAGE,16.01,35000
individual,RENT,15.05,7000
joint,OWN,6.71,25000
joint,MORTGAGE,7.96,36000
individual,OWN,20.39,15000
individual,RENT,9.44,15000
joint,MORTGAGE,16.01,30000
individual,MORTGAGE,10.42,15000
individual,OWN,6.72,27000
individual,RENT,12.61,3100
individual,OWN,20.39,11200
individual,MORTGAGE,20.39,10000
individual,RENT,17.09,10000
individual,MORTGAGE,10.41,19000
individual,OWN,7.96,15000
individual,MORTGAGE,12.62,19425
individual,MORTGAGE,11.99,15000
individual,RENT,11.98,30000
individual,OWN,18.06,20000
individual,RENT,9.93,15000
joint,MORTGAGE,11.99,6000
individual,RENT,13.58,14000
individual,MORTGAGE,5.32,15000
individual,RENT,10.41,20000
individual,RENT,15.05,7000
joint,MORTGAGE,9.93,20000
individual,MORTGAGE,18.06,4900
individual,RENT,21.45,10000
joint,RENT,7.34,20000
individual,MORTGAGE,11.98,6000
individual,RENT,20.0,35000
individual,RENT,13.59,34450
individual,MORTGAGE,16.02,16000
joint,RENT,20.0,12000
joint,MORTGAGE,9.44,40000
individual,MORTGAGE,10.9,34200
individual,RENT,5.31,11200
individual,MORTGAGE,5.32,35000
individual,RENT,12.62,6000
individual,OWN,15.04,5000
individual,MORTGAGE,11.98,16000
individual,MORTGAGE,9.44,9000
joint,MORTGAGE,29.69,26000
individual,RENT,12.62,16000
individual,OWN,11.98,8000
individual,MORTGAGE,18.06,20325
individual,RENT,16.02,5000
individual,MORTGAGE,6.07,12000
individual,MORTGAGE,11.99,7325
individual,MORTGAGE,15.05,10000
individual,MORTGAGE,10.91,40000
joint,OWN,7.96,10000
individual,RENT,13.59,10000
individual,MORTGAGE,12.61,28775
joint,MORTGAGE,17.09,16800
joint,MORTGAGE,12.62,10000
individual,OWN,13.58,6000
individual,RENT,20.0,35000
individual,RENT,5.31,10000
individual,RENT,17.47,1500
individual,RENT,11.98,29000
individual,OWN,21.85,20000
individual,MORTGAGE,9.92,15000
individual,MORTGAGE,9.43,5000
individual,RENT,21.85,2500
individual,MORTGAGE,12.62,8000
individual,OWN,10.91,11600
joint,MORTGAGE,19.03,30000
individual,RENT,19.03,18000
individual,RENT,9.44,9000
individual,RENT,11.99,14000
individual,MORTGAGE,7.97,12000
individual,RENT,10.91,13000
individual,RENT,13.59,8000
individual,MORTGAGE,15.04,20000
individual,RENT,7.97,5000
individual,RENT,13.58,8000
individual,MORTGAGE,5.31,16000
joint,MORTGAGE,19.03,35000
individual,MORTGAGE,11.99,15000
individual,MORTGAGE,9.93,20000
individual,RENT,5.32,11000
individual,MORTGAGE,15.04,10000
individual,MORTGAGE,10.42,36000
individual,RENT,12.61,8000
individual,RENT,7.35,40000
individual,RENT,23.87,9600
individual,RENT,16.02,5000
individual,RENT,6.72,13000
individual,RENT,10.42,7200
individual,RENT,21.45,12800
individual,RENT,16.02,20000
joint,MORTGAGE,7.96,17000
individual,RENT,12.61,6025
individual,MORTGAGE,12.61,21000
joint,OWN,9.43,32000
individual,MORTGAGE,14.07,10000
individual,RENT,13.59,6200
joint,MORTGAGE,17.47,30000
individual,MORTGAGE,12.61,2200
joint,RENT,16.02,10000
individual,MORTGAGE,18.45,30000
individual,MORTGAGE,10.91,10000
individual,RENT,7.97,27000
individual,MORTGAGE,15.04,20000
individual,RENT,21.45,12000
individual,OWN,16.01,5000
individual,MORTGAGE,11.98,6000
individual,RENT,13.59,15000
individual,RENT,6.71,3500
individual,RENT,10.91,7325
individual,RENT,7.96,12000
individual,OWN,10.42,12000
individual,MORTGAGE,7.35,5000
individual,MORTGAGE,16.02,5000
individual,MORTGAGE,16.01,18000
individual,RENT,13.58,3000
individual,OWN,10.42,5000
individual,OWN,14.07,40000
individual,RENT,7.97,3500
individual,RENT,11.99,40000
joint,MORTGAGE,13.59,32000
individual,MORTGAGE,7.34,6000
joint,MORTGAGE,15.04,12000
individual,MORTGAGE,12.62,25000
individual,RENT,19.42,25000
individual,RENT,9.43,5500
joint,MORTGAGE,16.02,10400
individual,RENT,7.34,9000
joint,MORTGAGE,14.07,19800
joint,MORTGAGE,5.31,25000
individual,RENT,6.71,10000
individual,OWN,7.35,25000
individual,RENT,6.08,25000
individual,OWN,6.71,19000
individual,MORTGAGE,5.32,40000
individual,RENT,6.08,14400
individual,MORTGAGE,5.32,27000
individual,RENT,16.02,4800
individual,RENT,21.45,20400
joint,OWN,19.03,19200
individual,RENT,16.02,5000
individual,RENT,21.45,12000
individual,RENT,12.62,30000
individual,OWN,10.41,30000
individual,MORTGAGE,28.72,28000
individual,RENT,9.43,12800
joint,MORTGAGE,10.42,24000
individual,RENT,10.9,12000
joint,MORTGAGE,9.43,13000
individual,MORTGAGE,11.98,10000
joint,RENT,20.0,21600
individual,RENT,9.43,14000
individual,OWN,10.41,9600
individual,RENT,9.43,40000
joint,RENT,9.44,20000
individual,RENT,16.01,12075
individual,MORTGAGE,9.93,25000
individual,RENT,12.62,10000
individual,RENT,16.01,32000
individual,RENT,21.45,4500
individual,MORTGAGE,7.96,10000
individual,RENT,13.59,23000
individual,MORTGAGE,13.59,30800
individual,RENT,7.34,20000
joint,MORTGAGE,18.45,8000
individual,OWN,14.07,7000
individual,RENT,12.61,6000
individual,RENT,19.03,28000
individual,MORTGAGE,11.98,16000
individual,RENT,21.85,7325
individual,OWN,12.62,15000
individual,MORTGAGE,5.32,25000
individual,OWN,19.42,25825
individual,MORTGAGE,16.01,15600
individual,MORTGAGE,11.99,10000
individual,OWN,20.0,5000
individual,MORTGAGE,11.98,13000
individual,RENT,19.03,15000
individual,RENT,6.08,6000
individual,MORTGAGE,7.35,1500
individual,RENT,7.35,8000
joint,MORTGAGE,12.62,30000
individual,OWN,13.59,8500
individual,OWN,7.34,7500
individual,MORTGAGE,7.35,3500
individual,RENT,12.61,6500
individual,MORTGAGE,7.35,23200
joint,OWN,15.05,10000
individual,MORTGAGE,18.45,11200
individual,RENT,18.45,10000
individual,RENT,7.96,30000
individual,RENT,11.99,8400
individual,RENT,20.0,7750
individual,RENT,25.82,9100
individual,MORTGAGE,11.98,30000
individual,RENT,13.59,20675
individual,RENT,10.91,16000
individual,MORTGAGE,9.44,25000
individual,RENT,16.02,12000
individual,MORTGAGE,7.97,5000
individual,MORTGAGE,5.32,12000
individual,MORTGAGE,10.41,30000
individual,MORTGAGE,12.62,30000
individual,MORTGAGE,10.9,15000
individual,MORTGAGE,15.05,17325
individual,RENT,9.93,20000
individual,MORTGAGE,10.91,7000
individual,RENT,13.58,35000
individual,RENT,15.05,16500
individual,MORTGAGE,22.91,14800
individual,MORTGAGE,7.35,6000
individual,MORTGAGE,10.9,40000
individual,OWN,17.47,6000
individual,RENT,5.31,15000
individual,MORTGAGE,9.43,30000
individual,MORTGAGE,14.07,19000
individual,RENT,10.41,30000
individual,RENT,22.9,1000
individual,OWN,6.72,15000
individual,RENT,13.58,10000
individual,MORTGAGE,12.62,40000
individual,OWN,15.05,28000
individual,MORTGAGE,19.03,10000
individual,MORTGAGE,11.99,20000
individual,RENT,19.03,3000
individual,RENT,16.01,35000
individual,MORTGAGE,9.43,14000
individual,OWN,6.08,35000
individual,MORTGAGE,16.01,35000
individual,RENT,14.07,4000
individual,MORTGAGE,6.71,12800
individual,MORTGAGE,15.04,7200
individual,MORTGAGE,7.35,12000
individual,MORTGAGE,12.62,35000
individual,RENT,7.34,10000
individual,MORTGAGE,18.45,14900
individual,RENT,11.98,12600
individual,MORTGAGE,12.62,20000
individual,MORTGAGE,16.02,15000
individual,OWN,7.34,6000
individual,RENT,21.45,35000
individual,MORTGAGE,10.9,24000
individual,RENT,10.41,10000
individual,MORTGAGE,15.05,10000
individual,MORTGAGE,9.93,6600
individual,RENT,6.08,6500
individual,RENT,19.42,5000
individual,RENT,18.06,1500
individual,MORTGAGE,10.91,15000
individual,RENT,16.02,20000
joint,RENT,7.35,40000
individual,MORTGAGE,6.07,25000
individual,RENT,14.08,7200
individual,RENT,6.72,8300
individual,RENT,10.42,4000
individual,MORTGAGE,7.34,35000
individual,RENT,14.08,8000
individual,MORTGAGE,9.92,33000
individual,OWN,20.39,20000
individual,OWN,17.47,1800
joint,OWN,18.45,20000
individual,MORTGAGE,9.43,5000
individual,MORTGAGE,7.96,40000
individual,MORTGAGE,14.08,18000
individual,MORTGAGE,5.32,10000
individual,RENT,7.97,10000
individual,OWN,9.43,5000
joint,MORTGAGE,17.09,16000
individual,MORTGAGE,20.39,10000
individual,MORTGAGE,5.31,21800
individual,RENT,6.72,10000
individual,OWN,10.41,25000
individual,RENT,9.44,12800
individual,MORTGAGE,12.62,20050
individual,RENT,11.98,32000
individual,MORTGAGE,7.96,6500
individual,MORTGAGE,6.72,40000
individual,RENT,14.07,15000
individual,MORTGAGE,9.92,12000
individual,MORTGAGE,9.44,37200
individual,RENT,10.91,5000
individual,OWN,14.08,12000
individual,MORTGAGE,16.01,21000
individual,RENT,18.45,8500
individual,MORTGAGE,15.05,25000
individual,MORTGAGE,16.02,16000
individual,MORTGAGE,13.59,26525
individual,RENT,10.91,2000
individual,OWN,16.02,10000
individual,MORTGAGE,15.05,15000
individual,MORTGAGE,10.41,30000
individual,MORTGAGE,9.93,13000
individual,RENT,18.06,25000
individual,MORTGAGE,26.3,25000
joint,MORTGAGE,20.39,21000
joint,MORTGAGE,16.02,32000
individual,MORTGAGE,9.93,26600
individual,MORTGAGE,7.96,20000
individual,RENT,26.77,10000
individual,OWN,6.08,12000
joint,MORTGAGE,12.62,25000
joint,MORTGAGE,14.07,20000
individual,MORTGAGE,10.42,2400
individual,MORTGAGE,25.81,25000
individual,RENT,6.08,25000
individual,OWN,9.92,2000
individual,MORTGAGE,20.39,18000
individual,RENT,7.34,5000
individual,RENT,10.9,8400
individual,RENT,10.91,11000
individual,RENT,6.08,34950
individual,MORTGAGE,7.97,25000
individual,MORTGAGE,7.35,5000
individual,MORTGAGE,10.41,29100
individual,MORTGAGE,17.09,24000
individual,RENT,15.05,20000
individual,MORTGAGE,21.45,35000
individual,MORTGAGE,7.34,18500
individual,MORTGAGE,9.43,7000
individual,MORTGAGE,18.45,14000
joint,OWN,6.71,5000
individual,RENT,12.61,6400
individual,MORTGAGE,7.34,16000
individual,RENT,19.42,6000
individual,RENT,9.44,10000
individual,MORTGAGE,12.62,12000
individual,OWN,11.99,11500
individual,OWN,15.05,7500
individual,RENT,16.01,6000
joint,MORTGAGE,7.35,16000
individual,MORTGAGE,7.35,10000
individual,MORTGAGE,7.96,30000
joint,RENT,17.09,40000
joint,MORTGAGE,22.91,40000
individual,MORTGAGE,9.43,16000
individual,MORTGAGE,6.08,25000
individual,RENT,6.07,1500
individual,MORTGAGE,11.98,4000
individual,RENT,9.93,20000
joint,OWN,20.0,7500
joint,MORTGAGE,14.07,30000
individual,MORTGAGE,6.07,26000
individual,RENT,12.62,20000
individual,MORTGAGE,12.62,4000
joint,MORTGAGE,9.44,5000
individual,RENT,6.08,20000
individual,RENT,9.44,8000
individual,RENT,12.62,25000
individual,OWN,18.06,5000
joint,MORTGAGE,7.35,30000
individual,MORTGAGE,15.04,21000
individual,RENT,10.42,40000
individual,MORTGAGE,17.09,15000
individual,MORTGAGE,12.62,24000
individual,OWN,11.98,20000
individual,MORTGAGE,11.98,22000
individual,MORTGAGE,10.9,35000
individual,RENT,10.9,8000
individual,RENT,17.09,10000
individual,MORTGAGE,16.01,4600
joint,RENT,7.35,15000
individual,MORTGAGE,5.31,12000
individual,MORTGAGE,6.72,4000
joint,MORTGAGE,14.07,30000
individual,OWN,6.71,30000
individual,MORTGAGE,9.43,40000
individual,RENT,6.72,3500
individual,RENT,14.08,6050
individual,MORTGAGE,7.35,40000
joint,MORTGAGE,15.05,10000
individual,RENT,16.02,10500
individual,MORTGAGE,13.58,37000
individual,RENT,11.99,10000
individual,RENT,16.02,30925
individual,MORTGAGE,11.99,17500
individual,RENT,17.47,15000
individual,MORTGAGE,9.92,20000
individual,RENT,5.32,8000
individual,RENT,13.59,6300
individual,MORTGAGE,9.93,15000
individual,RENT,21.45,7000
individual,OWN,16.02,8000
individual,MORTGAGE,6.72,10000
individual,MORTGAGE,21.45,32000
individual,OWN,11.98,36000
joint,MORTGAGE,7.96,9600
joint,RENT,19.03,15000
joint,MORTGAGE,9.93,40000
joint,RENT,14.07,10500
individual,MORTGAGE,15.04,12000
individual,MORTGAGE,9.44,10200
individual,RENT,20.0,22000
individual,RENT,11.99,4500
individual,RENT,6.07,5600
individual,RENT,9.43,17000
individual,RENT,11.99,6000
individual,MORTGAGE,19.03,15000
individual,MORTGAGE,12.62,9500
joint,RENT,7.34,21000
individual,MORTGAGE,7.96,15000
individual,RENT,10.41,12000
individual,OWN,14.08,11200
individual,MORTGAGE,19.42,30000
individual,RENT,17.09,6600
individual,MORTGAGE,9.93,4000
individual,RENT,15.04,25000
joint,OWN,6.71,19000
joint,RENT,20.39,17575
joint,MORTGAGE,23.88,20000
individual,MORTGAGE,9.44,1200
individual,RENT,19.03,2100
individual,RENT,9.44,29000
individual,RENT,9.92,25000
individual,RENT,16.01,16000
individual,RENT,9.93,3000
individual,RENT,5.32,25000
individual,RENT,17.09,13500
joint,MORTGAGE,7.96,25000
individual,MORTGAGE,7.34,5400
individual,RENT,9.43,6000
individual,OWN,10.91,40000
joint,MORTGAGE,16.02,35000
individual,RENT,11.99,5000
individual,MORTGAGE,7.35,30000
individual,OWN,23.87,15000
individual,RENT,7.97,14400
individual,OWN,14.08,20000
individual,RENT,10.9,30000
joint,OWN,14.07,2500
joint,MORTGAGE,9.44,32000
individual,MORTGAGE,9.92,4000
individual,RENT,10.91,8400
individual,OWN,11.99,12000
individual,RENT,23.88,21000
individual,MORTGAGE,16.02,10000
individual,MORTGAGE,7.35,25000
individual,RENT,21.85,19000
individual,MORTGAGE,21.45,19450
individual,RENT,16.02,16000
individual,MORTGAGE,10.91,25200
individual,MORTGAGE,12.61,20000
individual,RENT,10.91,1300
individual,OWN,17.47,14000
individual,OWN,9.44,8400
joint,MORTGAGE,12.62,22000
individual,OWN,14.08,6400
individual,RENT,6.08,6000
individual,RENT,13.58,9000
individual,OWN,9.93,20000
individual,MORTGAGE,11.98,25200
individual,OWN,7.35,9900
individual,OWN,7.35,12000
individual,MORTGAGE,12.62,35000
individual,RENT,11.99,24000
joint,MORTGAGE,17.09,20000
individual,MORTGAGE,7.34,7000
individual,OWN,21.45,35000
joint,MORTGAGE,9.43,40000
joint,OWN,10.91,4800
individual,MORTGAGE,12.61,10000
joint,RENT,9.43,12000
individual,MORTGAGE,9.92,16000
joint,MORTGAGE,10.9,30000
individual,OWN,11.98,6000
joint,OWN,17.09,12800
joint,RENT,25.82,16000
individual,RENT,16.01,5000
individual,OWN,19.42,15000
joint,RENT,13.59,34800
individual,MORTGAGE,9.44,4500
joint,OWN,9.92,40000
individual,MORTGAGE,10.9,6025
individual,MORTGAGE,9.44,24000
individual,MORTGAGE,13.58,14000
individual,MORTGAGE,13.59,12000
individual,RENT,9.43,36000
individual,MORTGAGE,10.9,16000
individual,OWN,20.0,15000
joint,OWN,13.59,10000
individual,RENT,15.05,7500
joint,OWN,6.08,6000
individual,RENT,15.05,25600
individual,MORTGAGE,16.01,25025
joint,MORTGAGE,10.9,30000
individual,MORTGAGE,23.88,13000
individual,MORTGAGE,9.43,40000
individual,MORTGAGE,5.32,30000
individual,RENT,10.91,8500
individual,MORTGAGE,7.96,15000
joint,RENT,9.44,10000
individual,OWN,15.05,24000
individual,MORTGAGE,15.04,15000
individual,RENT,10.42,3200
individual,RENT,5.32,7000
individual,OWN,10.42,10000
individual,RENT,7.35,10000
joint,MORTGAGE,14.08,15000
individual,MORTGAGE,5.31,10000
individual,MORTGAGE,10.9,26100
individual,RENT,16.02,20000
individual,RENT,10.42,10000
individual,MORTGAGE,11.99,25000
individual,MORTGAGE,20.0,35000
individual,MORTGAGE,13.59,14000
individual,OWN,17.47,30000
individual,MORTGAGE,19.42,15000
individual,RENT,6.72,4000
individual,RENT,14.08,10000
individual,OWN,12.61,24000
individual,MORTGAGE,5.32,30000
individual,MORTGAGE,11.99,3600
individual,RENT,6.71,16000
individual,RENT,10.91,10000
individual,OWN,15.05,10000
individual,RENT,6.07,14500
individual,MORTGAGE,11.98,22400
individual,OWN,9.44,25000
individual,MORTGAGE,6.71,10000
joint,RENT,16.01,14000
individual,OWN,7.97,32000
individual,OWN,13.58,14300
individual,OWN,24.84,1400
joint,MORTGAGE,7.35,38000
individual,MORTGAGE,10.42,40000
individual,MORTGAGE,20.39,25000
joint,MORTGAGE,10.91,14800
individual,MORTGAGE,25.82,12000
joint,MORTGAGE,18.45,16000
individual,RENT,11.98,24000
individual,RENT,7.97,4500
individual,OWN,13.59,6000
individual,RENT,10.42,20000
individual,RENT,9.44,10600
individual,MORTGAGE,6.08,10000
individual,OWN,14.07,7000
individual,RENT,13.58,3000
individual,RENT,7.97,18000
individual,MORTGAGE,21.85,10000
individual,OWN,29.69,35000
individual,MORTGAGE,7.34,25000
individual,MORTGAGE,7.97,12000
joint,MORTGAGE,7.35,30000
individual,MORTGAGE,5.32,15000
joint,OWN,17.47,30000
individual,OWN,7.34,10000
individual,RENT,12.61,20000
individual,RENT,26.3,28200
joint,MORTGAGE,9.92,25000
joint,MORTGAGE,7.96,7000
joint,OWN,16.01,18000
individual,MORTGAGE,16.01,19500
individual,MORTGAGE,16.01,35000
joint,MORTGAGE,12.62,15000
individual,RENT,26.3,15000
individual,RENT,6.72,3000
individual,MORTGAGE,11.99,5000
individual,OWN,18.45,21600
individual,MORTGAGE,7.97,3000
individual,RENT,12.61,10000
individual,MORTGAGE,7.97,20000
individual,MORTGAGE,7.34,20000
joint,OWN,11.99,18000
individual,RENT,13.59,7500
individual,MORTGAGE,16.01,20000
individual,RENT,5.32,6500
individual,MORTGAGE,5.32,16000
individual,MORTGAGE,5.31,7000
joint,RENT,13.59,31275
joint,OWN,6.07,17800
joint,MORTGAGE,5.32,12000
individual,RENT,25.82,15000
individual,RENT,12.62,32000
individual,RENT,12.62,25000
joint,OWN,6.08,14000
individual,MORTGAGE,15.05,8500
individual,RENT,19.42,13000
individual,MORTGAGE,18.06,25000
individual,RENT,9.92,7000
individual,RENT,12.62,16000
individual,MORTGAGE,7.35,3000
individual,MORTGAGE,10.9,9600
individual,RENT,6.71,12000
joint,RENT,19.03,20000
individual,MORTGAGE,11.99,12000
joint,RENT,7.96,14500
individual,OWN,16.01,5000
individual,RENT,7.34,6025
individual,RENT,10.41,24000
individual,MORTGAGE,21.85,25000
individual,RENT,7.35,9600
individual,MORTGAGE,10.9,25500
individual,MORTGAGE,10.41,15000
individual,RENT,11.98,10000
joint,MORTGAGE,11.98,40000
individual,MORTGAGE,6.72,6500
individual,RENT,5.31,12000
individual,RENT,12.61,20000
individual,MORTGAGE,7.35,18000
individual,OWN,7.96,21000
individual,RENT,14.08,30000
joint,MORTGAGE,9.93,10000
joint,MORTGAGE,9.44,18500
individual,RENT,16.02,20000
individual,RENT,9.93,12000
individual,RENT,9.92,12000
individual,RENT,19.03,3500
individual,OWN,9.93,8000
individual,RENT,16.02,25000
individual,RENT,9.93,13500
individual,RENT,10.42,15000
individual,RENT,10.91,8400
individual,MORTGAGE,9.92,11000
individual,OWN,9.93,20000
individual,RENT,9.44,8400
individual,MORTGAGE,15.05,10000
individual,OWN,17.09,21000
individual,MORTGAGE,6.72,4000
individual,MORTGAGE,6.72,12000
individual,MORTGAGE,21.85,27025
individual,MORTGAGE,16.01,5000
individual,OWN,7.96,10000
individual,RENT,12.62,2400
individual,OWN,19.03,30000
individual,MORTGAGE,12.61,15000
individual,MORTGAGE,10.9,2400
joint,RENT,15.04,25475
individual,RENT,15.05,10000
joint,MORTGAGE,14.08,32000
joint,MORTGAGE,9.93,20000
joint,MORTGAGE,6.71,40000
joint,RENT,13.59,11000
individual,MORTGAGE,13.59,12000
individual,RENT,12.61,20000
individual,MORTGAGE,16.02,10000
individual,RENT,17.09,35000
individual,RENT,10.9,5600
individual,RENT,6.71,19175
joint,MORTGAGE,15.05,40000
individual,MORTGAGE,21.45,14000
individual,MORTGAGE,7.35,40000
individual,RENT,6.71,32000
individual,RENT,12.61,15000
individual,RENT,6.72,6000
individual,MORTGAGE,16.02,40000
individual,RENT,11.99,20000
individual,RENT,7.96,14000
individual,MORTGAGE,10.42,1500
individual,MORTGAGE,9.43,5600
individual,RENT,7.35,9500
individual,RENT,7.97,9600
individual,MORTGAGE,6.07,25000
joint,RENT,13.59,16000
individual,MORTGAGE,10.42,10000
individual,MORTGAGE,6.72,8000
individual,RENT,17.09,8000
individual,MORTGAGE,14.08,16000
individual,MORTGAGE,6.71,6000
joint,MORTGAGE,7.34,20000
individual,MORTGAGE,6.07,4300
individual,MORTGAGE,24.85,12000
individual,MORTGAGE,16.01,40000
joint,MORTGAGE,14.08,16000
individual,RENT,9.43,12000
joint,MORTGAGE,29.69,35000
joint,MORTGAGE,21.45,8275
individual,RENT,6.72,10000
individual,MORTGAGE,11.99,25000
individual,MORTGAGE,13.59,15000
individual,MORTGAGE,6.72,12000
individual,OWN,16.02,10000
individual,RENT,15.05,15000
joint,OWN,15.05,4000
individual,OWN,11.99,8000
individual,RENT,7.96,20575
individual,MORTGAGE,15.04,11000
joint,MORTGAGE,9.93,36000
individual,MORTGAGE,16.02,19300
individual,RENT,5.31,10000
individual,RENT,10.91,20000
individual,MORTGAGE,9.93,20000
individual,MORTGAGE,10.91,8000
individual,RENT,9.92,8900
individual,MORTGAGE,5.31,10000
individual,RENT,19.42,10000
individual,MORTGAGE,19.03,19200
individual,MORTGAGE,5.31,18000
individual,OWN,11.99,1600
individual,MORTGAGE,9.92,5000
individual,MORTGAGE,16.02,4000
individual,RENT,11.99,25000
individual,RENT,21.85,16000
individual,MORTGAGE,20.39,10000
individual,RENT,10.41,1800
individual,RENT,10.91,15000
joint,MORTGAGE,20.0,35000
individual,RENT,10.91,18000
individual,MORTGAGE,14.08,10000
individual,RENT,10.42,2500
individual,MORTGAGE,7.97,35000
individual,MORTGAGE,5.31,30000
joint,RENT,23.87,40000
individual,MORTGAGE,7.97,3150
individual,MORTGAGE,9.44,7650
individual,MORTGAGE,15.05,12000
individual,MORTGAGE,18.45,31500
individual,MORTGAGE,10.91,6600
joint,MORTGAGE,6.07,20000
individual,MORTGAGE,9.93,8000
joint,MORTGAGE,10.9,16000
individual,RENT,16.01,12000
individual,RENT,13.59,10000
individual,MORTGAGE,6.71,18000
individual,RENT,9.93,15000
individual,RENT,12.62,1800
individual,RENT,9.43,4500
individual,RENT,9.93,12000
individual,MORTGAGE,12.61,11000
individual,MORTGAGE,11.98,20000
joint,MORTGAGE,7.34,2100
individual,MORTGAGE,9.43,27200
individual,RENT,16.02,35000
joint,RENT,13.59,5600
joint,RENT,16.02,15000
individual,RENT,10.42,30000
individual,OWN,6.07,10000
individual,RENT,15.04,14400
individual,RENT,12.62,15000
individual,RENT,13.58,5000
individual,MORTGAGE,10.41,12000
joint,MORTGAGE,10.9,12000
individual,RENT,11.99,2500
individual,OWN,21.45,30000
individual,RENT,11.99,24000
individual,OWN,12.62,7500
individual,RENT,10.41,6025
individual,OWN,10.91,6000
individual,RENT,12.62,6000
individual,RENT,9.93,8000
individual,RENT,19.03,4700
individual,MORTGAGE,6.72,36000
individual,MORTGAGE,7.35,3100
joint,MORTGAGE,6.72,20000
individual,RENT,5.31,20000
individual,MORTGAGE,10.42,12000
individual,MORTGAGE,9.44,10000
individual,RENT,20.0,24000
individual,RENT,7.35,8000
joint,MORTGAGE,5.31,5600
individual,RENT,6.71,15000
individual,MORTGAGE,13.59,13000
individual,MORTGAGE,11.98,16000
individual,MORTGAGE,13.59,24000
individual,MORTGAGE,17.47,15000
individual,RENT,6.71,40000
individual,MORTGAGE,9.43,1500
individual,RENT,14.08,6000
individual,OWN,6.07,6500
individual,RENT,17.47,35000
individual,MORTGAGE,6.72,5000
individual,MORTGAGE,12.62,16300
individual,OWN,9.93,35000
joint,RENT,16.01,20000
individual,RENT,9.93,9600
individual,RENT,15.04,4000
individual,MORTGAGE,6.72,10000
individual,RENT,11.99,35000
individual,MORTGAGE,9.93,40000
individual,MORTGAGE,13.58,4000
individual,MORTGAGE,11.99,7925
individual,RENT,18.45,8000
individual,MORTGAGE,6.72,9000
individual,RENT,16.02,12000
individual,RENT,5.31,6000
individual,RENT,7.34,11000
individual,RENT,6.72,3600
individual,MORTGAGE,15.05,25000
individual,RENT,25.82,12000
individual,RENT,26.3,10000
individual,MORTGAGE,7.35,15000
individual,MORTGAGE,9.93,24000
individual,MORTGAGE,5.32,24000
joint,MORTGAGE,7.34,26000
individual,RENT,13.59,18000
individual,MORTGAGE,7.96,40000
individual,MORTGAGE,16.01,12000
individual,RENT,14.08,10000
individual,MORTGAGE,11.99,18000
individual,MORTGAGE,15.05,30000
individual,RENT,9.93,12000
individual,RENT,9.93,32000
individual,OWN,12.61,40000
individual,OWN,15.05,3000
individual,RENT,11.99,6000
individual,MORTGAGE,11.98,15000
joint,OWN,13.59,15000
joint,RENT,17.47,15000
joint,OWN,20.0,10300
individual,RENT,13.59,30000
individual,RENT,10.91,21925
individual,RENT,10.91,40000
individual,MORTGAGE,7.35,10000
joint,RENT,13.58,10000
individual,RENT,19.03,8000
individual,RENT,6.71,18000
individual,MORTGAGE,9.93,21000
individual,RENT,14.07,18000
individual,MORTGAGE,17.09,10000
individual,MORTGAGE,10.91,15000
joint,OWN,17.09,22400
individual,RENT,6.08,20000
individual,MORTGAGE,10.91,5000
individual,RENT,24.85,10000
joint,RENT,15.05,5000
individual,MORTGAGE,6.08,3000
individual,RENT,12.61,12000
individual,RENT,6.72,20800
individual,MORTGAGE,9.44,10000
individual,RENT,6.71,20000
individual,MORTGAGE,10.42,37000
individual,RENT,6.72,6000
individual,OWN,9.93,10000
individual,MORTGAGE,6.72,20000
individual,MORTGAGE,9.44,18000
individual,MORTGAGE,13.59,10000
individual,MORTGAGE,12.61,25000
individual,RENT,21.45,5000
individual,MORTGAGE,9.43,6000
joint,RENT,6.71,8400
individual,MORTGAGE,9.92,23000
individual,MORTGAGE,19.42,3025
individual,RENT,14.08,25000
individual,RENT,20.0,25000
individual,RENT,9.93,5000
individual,OWN,7.35,20000
joint,MORTGAGE,18.06,35000
individual,OWN,14.08,15000
individual,MORTGAGE,13.59,6000
individual,MORTGAGE,7.96,19000
individual,MORTGAGE,5.31,40000
individual,RENT,10.41,10000
individual,MORTGAGE,9.44,40000
individual,MORTGAGE,13.58,18000
individual,OWN,23.88,6500
individual,RENT,13.59,6000
individual,RENT,6.71,12000
individual,MORTGAGE,12.62,13000
individual,MORTGAGE,9.44,10000
individual,OWN,15.05,35000
individual,RENT,9.93,8000
individual,OWN,18.06,20000
individual,MORTGAGE,16.01,30000
individual,MORTGAGE,11.99,5000
individual,MORTGAGE,9.43,5000
individual,RENT,11.99,21000
individual,MORTGAGE,5.32,2500
individual,OWN,12.62,25000
individual,MORTGAGE,15.05,3600
individual,RENT,15.05,10000
individual,RENT,10.42,6500
individual,MORTGAGE,6.72,10000
individual,MORTGAGE,7.35,8000
individual,RENT,20.39,3500
individual,RENT,6.08,32000
individual,RENT,9.93,30000
joint,MORTGAGE,11.98,16000
individual,MORTGAGE,20.39,8400
individual,MORTGAGE,13.58,6000
individual,RENT,5.31,10000
individual,MORTGAGE,16.02,10000
individual,MORTGAGE,18.06,16000
individual,RENT,19.03,22000
individual,OWN,16.02,10000
individual,RENT,9.93,10000
individual,MORTGAGE,13.59,35000
joint,RENT,15.05,23000
joint,MORTGAGE,23.87,7200
individual,MORTGAGE,9.93,14000
individual,MORTGAGE,20.0,19525
individual,RENT,5.32,7800
individual,RENT,26.77,28600
individual,OWN,7.34,2500
individual,RENT,15.05,30000
individual,MORTGAGE,10.9,10400
individual,RENT,9.93,7000
individual,MORTGAGE,7.35,7000
individual,MORTGAGE,13.58,8000
individual,RENT,14.07,7200
individual,MORTGAGE,7.35,40000
individual,MORTGAGE,11.99,40000
joint,MORTGAGE,12.61,34000
individual,MORTGAGE,11.98,12000
joint,MORTGAGE,9.92,4625
individual,RENT,10.91,10000
individual,MORTGAGE,14.07,14000
individual,RENT,7.35,1800
individual,MORTGAGE,9.92,5000
individual,RENT,13.58,1500
individual,RENT,6.71,22000
individual,MORTGAGE,7.34,1625
individual,RENT,5.32,8000
joint,MORTGAGE,18.45,5000
joint,MORTGAGE,19.42,40000
individual,OWN,10.42,30000
individual,RENT,6.71,15000
individual,RENT,6.08,20000
individual,RENT,9.92,13000
individual,MORTGAGE,15.05,20000
joint,RENT,25.82,8000
individual,RENT,24.84,15000
individual,OWN,9.93,12700
individual,RENT,7.97,36000
joint,OWN,9.44,40000
individual,MORTGAGE,17.47,15500
individual,OWN,7.34,25000
joint,RENT,13.59,32000
individual,MORTGAGE,18.06,35000
joint,MORTGAGE,19.03,12000
individual,RENT,14.08,23400
individual,OWN,12.62,6000
joint,RENT,14.08,3000
individual,RENT,16.02,21000
joint,MORTGAGE,10.9,28800
individual,MORTGAGE,7.35,28000
individual,RENT,6.72,12000
individual,RENT,24.85,13800
individual,RENT,10.91,9000
individual,RENT,18.45,4000
individual,RENT,14.08,18000
individual,RENT,11.99,10000
individual,OWN,12.62,32000
individual,RENT,14.07,36000
individual,MORTGAGE,7.35,10000
individual,RENT,7.97,20000
joint,MORTGAGE,5.31,12000
joint,MORTGAGE,19.03,35000
individual,MORTGAGE,14.08,25000
individual,RENT,16.02,10000
joint,OWN,13.59,25000
individual,RENT,11.98,10000
individual,OWN,10.41,13000
individual,RENT,13.58,13000
individual,MORTGAGE,9.92,15000
individual,RENT,15.05,8550
joint,OWN,11.99,20000
individual,MORTGAGE,28.72,30000
individual,MORTGAGE,11.99,25000
individual,MORTGAGE,24.85,12500
individual,MORTGAGE,7.35,12000
individual,RENT,15.05,3200
joint,MORTGAGE,12.62,15100
individual,MORTGAGE,9.44,15000
joint,MORTGAGE,14.07,32200
joint,MORTGAGE,11.99,6000
individual,MORTGAGE,9.43,7000
individual,OWN,17.47,18000
joint,MORTGAGE,5.31,12000
individual,RENT,12.62,10000
individual,MORTGAGE,7.35,2500
individual,RENT,15.04,28000
individual,MORTGAGE,11.98,7000
individual,RENT,14.07,4200
individual,MORTGAGE,5.32,20000
individual,MORTGAGE,10.91,14400
joint,MORTGAGE,12.62,4800
individual,RENT,7.35,2500
individual,MORTGAGE,13.59,27000
individual,RENT,10.91,11200
individual,MORTGAGE,10.42,10000
individual,RENT,15.05,30000
individual,MORTGAGE,10.42,40000
individual,MORTGAGE,10.91,5500
joint,MORTGAGE,5.32,22000
individual,MORTGAGE,13.58,10050
individual,MORTGAGE,10.9,11000
individual,RENT,9.44,6000
joint,MORTGAGE,10.91,24000
individual,MORTGAGE,10.41,25000
individual,MORTGAGE,7.97,12500
individual,RENT,20.39,4000
individual,MORTGAGE,10.9,14000
individual,MORTGAGE,7.97,35000
joint,MORTGAGE,5.32,20000
individual,MORTGAGE,5.31,20000
individual,RENT,15.05,10000
individual,MORTGAGE,13.59,18000
individual,MORTGAGE,17.47,15000
individual,OWN,9.92,9600
individual,MORTGAGE,15.05,6000
individual,MORTGAGE,7.35,20000
individual,MORTGAGE,9.93,27000
joint,MORTGAGE,9.92,25000
individual,RENT,13.59,4800
individual,RENT,19.03,4200
individual,RENT,20.0,7200
individual,MORTGAGE,9.93,1000
individual,RENT,6.08,5600
individual,MORTGAGE,7.96,10000
individual,MORTGAGE,9.44,24000
individual,RENT,28.72,15000
joint,MORTGAGE,26.3,25000
individual,RENT,13.59,5000
individual,MORTGAGE,6.72,5000
individual,MORTGAGE,11.99,11000
individual,RENT,19.42,10000
individual,RENT,11.99,35000
individual,RENT,25.82,12000
individual,MORTGAGE,15.04,13000
individual,MORTGAGE,28.72,10000
individual,MORTGAGE,16.01,40000
joint,MORTGAGE,12.62,15000
individual,RENT,17.09,20000
individual,MORTGAGE,6.08,7200
individual,MORTGAGE,7.34,25000
joint,RENT,6.72,17000
individual,OWN,19.03,22325
joint,MORTGAGE,11.99,30000
joint,RENT,7.96,20000
individual,RENT,9.92,14400
joint,MORTGAGE,6.72,14400
individual,OWN,20.0,20000
individual,MORTGAGE,10.9,12000
individual,RENT,6.72,14400
individual,OWN,12.62,20000
individual,RENT,6.07,10000
individual,RENT,14.07,35000
joint,MORTGAGE,18.06,8000
individual,RENT,10.42,7200
individual,RENT,12.61,20000
individual,RENT,7.97,5000
individual,RENT,11.99,40000
individual,RENT,19.03,14000
individual,RENT,26.3,30000
individual,MORTGAGE,9.93,17000
individual,MORTGAGE,21.85,35000
joint,MORTGAGE,12.61,10000
individual,MORTGAGE,14.08,30000
individual,OWN,6.07,6400
individual,MORTGAGE,12.61,28000
individual,RENT,10.91,7225
individual,MORTGAGE,13.58,21100
individual,MORTGAGE,10.9,6175
individual,MORTGAGE,12.61,6000
individual,MORTGAGE,7.34,35000
individual,RENT,7.34,5000
individual,RENT,6.72,10000
individual,OWN,18.45,20000
joint,MORTGAGE,6.07,6500
individual,MORTGAGE,5.32,12000
individual,MORTGAGE,9.43,13500
individual,RENT,15.04,15000
individual,MORTGAGE,6.08,36000
individual,RENT,10.91,14000
individual,MORTGAGE,10.41,11200
individual,MORTGAGE,5.32,24000
joint,MORTGAGE,7.96,12000
individual,RENT,10.9,7225
individual,MORTGAGE,10.42,6500
individual,MORTGAGE,26.77,11200
individual,OWN,17.09,35000
individual,MORTGAGE,17.47,4000
individual,RENT,15.05,10000
joint,MORTGAGE,14.07,40000
individual,RENT,11.98,12000
individual,RENT,11.98,6000
individual,MORTGAGE,16.02,13000
individual,MORTGAGE,10.9,14400
individual,OWN,6.72,7000
individual,MORTGAGE,16.02,10000
individual,RENT,10.41,20000
joint,MORTGAGE,13.59,2000
individual,RENT,15.05,8425
individual,MORTGAGE,11.99,7000
individual,MORTGAGE,9.92,25000
joint,RENT,11.98,23100
individual,RENT,7.97,10000
individual,MORTGAGE,11.99,15000
individual,OWN,7.34,15000
individual,RENT,19.42,4200
individual,MORTGAGE,12.62,18000
individual,MORTGAGE,7.96,6000
individual,RENT,11.99,27000
individual,RENT,10.42,12000
individual,RENT,11.99,8000
individual,RENT,19.42,10000
joint,MORTGAGE,11.98,30000
individual,MORTGAGE,6.07,7000
individual,RENT,6.72,20000
individual,MORTGAGE,6.72,15000
individual,MORTGAGE,7.35,15000
individual,MORTGAGE,13.59,30850
joint,MORTGAGE,15.05,15000
individual,RENT,5.31,40000
individual,MORTGAGE,9.43,6000
individual,OWN,9.43,2600
individual,RENT,9.44,10000
individual,MORTGAGE,20.0,3600
individual,MORTGAGE,10.42,27000
individual,RENT,11.98,3000
individual,RENT,20.39,10000
individual,RENT,9.93,4000
individual,MORTGAGE,12.61,10000
individual,MORTGAGE,7.97,3600
joint,OWN,9.44,20500
individual,MORTGAGE,14.07,35000
individual,MORTGAGE,10.41,6000
individual,RENT,13.59,13000
individual,MORTGAGE,14.07,25000
individual,RENT,7.97,3500
individual,MORTGAGE,19.42,25000
individual,RENT,9.44,30000
individual,OWN,11.98,13000
individual,MORTGAGE,7.96,25000
individual,MORTGAGE,15.04,5000
individual,MORTGAGE,9.92,4800
individual,RENT,12.62,3000
individual,MORTGAGE,18.45,15000
individual,MORTGAGE,9.43,20000
individual,RENT,21.85,15000
individual,RENT,7.97,14500
joint,MORTGAGE,18.06,12000
individual,RENT,14.08,20000
individual,RENT,18.06,30000
individual,MORTGAGE,17.09,10000
individual,RENT,9.93,6000
individual,OWN,11.99,12000
individual,RENT,13.58,16000
individual,RENT,10.9,15000
individual,RENT,7.97,15000
individual,MORTGAGE,7.35,9000
individual,RENT,10.91,1000
joint,OWN,13.59,25000
individual,RENT,7.34,40000
individual,MORTGAGE,6.72,12500
individual,MORTGAGE,10.91,20000
individual,RENT,16.02,16500
individual,MORTGAGE,10.91,40000
individual,MORTGAGE,6.72,1500
individual,MORTGAGE,16.01,10000
individual,MORTGAGE,10.42,5000
joint,RENT,21.45,3000
individual,RENT,9.93,16000
individual,MORTGAGE,5.32,20000
individual,OWN,14.08,35000
individual,MORTGAGE,12.61,10000
individual,RENT,14.08,10000
individual,MORTGAGE,10.91,20000
individual,MORTGAGE,14.08,10000
individual,RENT,24.85,10800
joint,OWN,14.07,35000
individual,RENT,7.34,21600
individual,MORTGAGE,12.61,15000
individual,MORTGAGE,9.93,30000
individual,RENT,13.59,10000
individual,MORTGAGE,10.41,6000
individual,MORTGAGE,19.03,13000
individual,MORTGAGE,9.44,22000
individual,RENT,10.9,15000
individual,RENT,9.92,20000
individual,OWN,10.9,24000
individual,MORTGAGE,13.59,35000
individual,RENT,9.92,6000
individual,MORTGAGE,11.99,14000
individual,OWN,7.34,20000
individual,RENT,21.45,16000
individual,RENT,9.93,4800
individual,MORTGAGE,9.44,15000
joint,MORTGAGE,18.06,20000
individual,MORTGAGE,10.9,8000
individual,RENT,13.59,18125
individual,MORTGAGE,6.71,8000
individual,RENT,24.85,30000
individual,RENT,6.71,19500
individual,MORTGAGE,5.31,10000
individual,MORTGAGE,6.71,21000
individual,RENT,11.98,9000
individual,OWN,7.35,35000
individual,OWN,6.71,10000
individual,OWN,14.08,15000
individual,MORTGAGE,12.62,13000
joint,MORTGAGE,23.87,35000
individual,RENT,6.71,10000
individual,OWN,16.02,20000
individual,MORTGAGE,9.93,20000
individual,RENT,7.96,16000
individual,OWN,10.42,3500
individual,RENT,17.09,4800
individual,MORTGAGE,5.32,7000
individual,RENT,10.9,14700
individual,OWN,7.35,3600
individual,MORTGAGE,5.31,8000
individual,RENT,19.42,5000
individual,RENT,17.47,1500
individual,MORTGAGE,7.96,11000
joint,MORTGAGE,15.04,8500
individual,RENT,12.62,7500
joint,MORTGAGE,5.31,17975
individual,MORTGAGE,10.42,8000
individual,RENT,7.97,12000
individual,OWN,10.91,18000
individual,OWN,20.39,4000
individual,RENT,5.32,40000
individual,MORTGAGE,10.91,6000
individual,RENT,12.62,10000
individual,RENT,21.45,30000
individual,MORTGAGE,14.08,4000
individual,RENT,6.72,5500
individual,RENT,16.01,16000
individual,MORTGAGE,7.96,3800
individual,RENT,7.97,2500
individual,RENT,18.45,11000
individual,MORTGAGE,9.93,11875
joint,MORTGAGE,9.93,18000
joint,MORTGAGE,7.35,11500
individual,MORTGAGE,10.42,5000
individual,MORTGAGE,5.31,25000
individual,MORTGAGE,12.62,20000
individual,MORTGAGE,18.45,9000
individual,RENT,14.07,6000
individual,MORTGAGE,15.05,10000
individual,OWN,17.09,30000
individual,MORTGAGE,7.97,6000
individual,RENT,10.42,4200
individual,RENT,9.93,4000
individual,RENT,5.31,10000
joint,MORTGAGE,6.07,16000
individual,RENT,11.99,5000
individual,MORTGAGE,7.35,18000
individual,MORTGAGE,5.31,40000
joint,MORTGAGE,6.08,25000
individual,RENT,9.92,12000
individual,RENT,25.81,10000
individual,RENT,5.31,14400
individual,MORTGAGE,10.91,40000
joint,RENT,20.0,30000
individual,OWN,9.43,11850
individual,OWN,9.44,4800
individual,RENT,12.61,10000
individual,RENT,15.05,12000
individual,MORTGAGE,6.08,40000
individual,RENT,9.93,6000
joint,MORTGAGE,6.08,35000
joint,OWN,6.08,15000
individual,OWN,13.59,14000
individual,RENT,17.09,3000
joint,MORTGAGE,24.85,14400
individual,MORTGAGE,9.93,13000
individual,RENT,18.06,10000
individual,RENT,9.44,25000
individual,RENT,12.61,35000
individual,RENT,9.93,9600
individual,MORTGAGE,15.04,12000
individual,RENT,13.58,20000
individual,RENT,17.47,10000
individual,OWN,13.59,4000
individual,RENT,19.42,24000
individual,MORTGAGE,5.32,9100
joint,MORTGAGE,7.34,12000
individual,OWN,6.07,12500
individual,RENT,10.9,30000
individual,MORTGAGE,26.77,30000
individual,MORTGAGE,9.93,10000
joint,MORTGAGE,6.72,12000
individual,MORTGAGE,10.91,15000
individual,RENT,7.96,12000
individual,RENT,10.91,35000
individual,RENT,18.06,13000
individual,OWN,16.02,8000
individual,MORTGAGE,9.44,8000
individual,OWN,19.03,26000
individual,RENT,6.71,21000
joint,MORTGAGE,19.03,18400
individual,RENT,10.91,4550
individual,OWN,19.03,25000
joint,RENT,11.99,20000
individual,MORTGAGE,10.91,4000
individual,RENT,9.92,24000
individual,MORTGAGE,9.92,24000
individual,RENT,14.07,10000
individual,MORTGAGE,10.42,21000
individual,MORTGAGE,11.99,12000
individual,RENT,12.62,3000
individual,OWN,6.08,15000
individual,OWN,5.32,15000
individual,RENT,11.99,16000
individual,RENT,10.9,30000
individual,OWN,10.42,16000
joint,MORTGAGE,11.98,30000
joint,OWN,10.91,6000
individual,RENT,6.71,25000
individual,MORTGAGE,15.05,25000
individual,MORTGAGE,12.61,25000
joint,RENT,10.91,12000
individual,RENT,14.07,7500
individual,MORTGAGE,7.35,8900
joint,MORTGAGE,7.97,25000
individual,RENT,10.91,28800
joint,MORTGAGE,26.77,14500
individual,RENT,6.71,10000
individual,OWN,10.41,30000
individual,MORTGAGE,7.96,39825
individual,MORTGAGE,10.91,16000
individual,RENT,19.03,12000
individual,MORTGAGE,6.07,8500
individual,RENT,14.08,12000
individual,RENT,16.01,11000
individual,MORTGAGE,10.91,18000
individual,RENT,11.99,2000
individual,MORTGAGE,17.47,28000
individual,MORTGAGE,6.08,5000
joint,MORTGAGE,20.39,35000
joint,OWN,11.99,13000
joint,MORTGAGE,26.77,24000
individual,MORTGAGE,9.92,35000
individual,MORTGAGE,11.99,17000
individual,MORTGAGE,18.45,35000
joint,RENT,19.03,24000
individual,OWN,21.45,10000
individual,OWN,9.43,37800
individual,MORTGAGE,10.41,5500
individual,RENT,12.61,15000
individual,RENT,12.62,30000
individual,RENT,13.58,10000
joint,MORTGAGE,9.43,24000
individual,RENT,19.03,30000
individual,MORTGAGE,10.91,24000
individual,MORTGAGE,9.44,10000
individual,RENT,18.06,11200
individual,RENT,7.34,4000
individual,MORTGAGE,17.47,29000
joint,MORTGAGE,12.62,32000
individual,RENT,9.92,7500
individual,MORTGAGE,7.97,30000
individual,RENT,14.08,30000
joint,RENT,19.03,15000
individual,OWN,11.99,25000
individual,MORTGAGE,10.41,13500
individual,MORTGAGE,14.08,20000
individual,MORTGAGE,21.45,1500
joint,MORTGAGE,14.08,10000
individual,RENT,13.59,3000
individual,OWN,6.72,15000
joint,OWN,10.42,10000
individual,RENT,6.72,19000
individual,MORTGAGE,5.32,18000
individual,RENT,12.62,30000
individual,MORTGAGE,14.08,12000
individual,MORTGAGE,21.45,15000
individual,MORTGAGE,16.02,2000
individual,MORTGAGE,21.85,25000
joint,RENT,11.99,10000
individual,MORTGAGE,28.72,30000
joint,MORTGAGE,9.44,28000
individual,MORTGAGE,18.06,15000
joint,OWN,21.45,1600
joint,RENT,11.98,19200
individual,RENT,19.03,21275
individual,RENT,10.91,15000
joint,MORTGAGE,14.08,12000
individual,MORTGAGE,6.72,8400
individual,MORTGAGE,7.34,15000
individual,RENT,6.08,5200
joint,MORTGAGE,6.72,7000
individual,MORTGAGE,10.91,20000
joint,MORTGAGE,14.08,40000
individual,RENT,11.99,10300
individual,OWN,14.07,5000
joint,RENT,13.59,14000
individual,RENT,12.62,18000
individual,MORTGAGE,14.07,4000
individual,OWN,7.35,16000
individual,RENT,14.08,8000
joint,RENT,10.9,10000
individual,MORTGAGE,16.01,12000
joint,OWN,12.62,12000
individual,MORTGAGE,26.77,30000
individual,MORTGAGE,17.09,12000
individual,MORTGAGE,13.59,14400
individual,RENT,12.61,36350
individual,OWN,6.08,15000
joint,MORTGAGE,26.3,21000
individual,OWN,12.62,10000
individual,RENT,7.96,27000
individual,MORTGAGE,14.08,4000
individual,RENT,15.04,12000
joint,MORTGAGE,14.08,10000
individual,MORTGAGE,25.82,30000
individual,OWN,9.93,16000
individual,RENT,13.58,18000
individual,RENT,16.01,3000
individual,RENT,13.59,12000
individual,RENT,13.58,4200
individual,OWN,5.32,25000
individual,OWN,10.9,8800
joint,MORTGAGE,10.42,5000
individual,MORTGAGE,9.93,6000
individual,RENT,6.72,11500
individual,RENT,12.61,37000
individual,RENT,12.62,16000
individual,MORTGAGE,9.43,18000
joint,MORTGAGE,12.61,15600
joint,MORTGAGE,6.07,7000
individual,RENT,9.93,18000
individual,RENT,16.02,6000
individual,MORTGAGE,13.58,35000
individual,RENT,7.35,5000
joint,RENT,7.35,40000
joint,MORTGAGE,13.59,23500
individual,RENT,11.99,2200
individual,MORTGAGE,5.32,40000
joint,RENT,6.07,40000
individual,OWN,11.98,3000
individual,MORTGAGE,11.98,40000
individual,MORTGAGE,11.99,20000
individual,RENT,11.99,12000
individual,OWN,7.97,10000
individual,MORTGAGE,6.08,20400
individual,MORTGAGE,16.02,16000
individual,RENT,16.01,35000
individual,MORTGAGE,17.09,28000
individual,OWN,13.59,35000
individual,RENT,10.91,5000
individual,RENT,17.09,1000
individual,MORTGAGE,9.43,35000
individual,RENT,14.07,15000
individual,MORTGAGE,9.93,20000
individual,RENT,16.01,7000
individual,RENT,5.32,15000
individual,MORTGAGE,5.32,10000
individual,OWN,12.62,2000
joint,MORTGAGE,24.85,14925
individual,MORTGAGE,9.44,11000
individual,RENT,15.04,12000
individual,RENT,16.02,32000
individual,RENT,17.47,30000
individual,MORTGAGE,6.08,25000
individual,MORTGAGE,9.93,24500
individual,MORTGAGE,14.08,20000
individual,RENT,11.99,9600
individual,MORTGAGE,5.31,10625
individual,MORTGAGE,16.01,40000
individual,MORTGAGE,13.58,24000
individual,RENT,14.07,30000
individual,MORTGAGE,7.35,21000
joint,OWN,10.42,18000
individual,RENT,10.42,12000
individual,MORTGAGE,7.35,40000
individual,OWN,11.99,6000
joint,MORTGAGE,7.34,20000
individual,MORTGAGE,9.93,24000
joint,MORTGAGE,13.58,35000
individual,MORTGAGE,7.35,2500
individual,RENT,14.07,10000
individual,MORTGAGE,11.99,30000
individual,OWN,9.44,12500
individual,RENT,5.31,15000
individual,MORTGAGE,14.08,20000
joint,MORTGAGE,19.03,11500
individual,MORTGAGE,14.07,25000
individual,MORTGAGE,6.72,13150
individual,MORTGAGE,5.31,4000
individual,MORTGAGE,9.44,40000
individual,RENT,6.08,9000
individual,OWN,18.45,20000
individual,MORTGAGE,10.9,4200
individual,OWN,14.08,20000
individual,MORTGAGE,9.93,25000
joint,RENT,10.9,23000
individual,RENT,15.05,24000
individual,RENT,7.35,24000
joint,RENT,26.3,30150
joint,RENT,5.31,40000
individual,MORTGAGE,9.93,20000
joint,MORTGAGE,18.06,24000
joint,MORTGAGE,10.9,8000
joint,MORTGAGE,7.97,10000
individual,RENT,9.93,15000
individual,MORTGAGE,7.35,6300
individual,MORTGAGE,14.08,35000
individual,MORTGAGE,10.91,38000
individual,MORTGAGE,19.03,5300
individual,OWN,7.35,10000
individual,OWN,10.42,20000
individual,RENT,16.02,14000
individual,MORTGAGE,21.45,28000
joint,MORTGAGE,13.58,8000
individual,MORTGAGE,14.08,6700
individual,RENT,7.34,8000
individual,MORTGAGE,16.02,25000
individual,OWN,9.44,15000
individual,RENT,12.62,27200
individual,RENT,7.35,6600
individual,MORTGAGE,6.07,16600
joint,RENT,9.93,9000
individual,MORTGAGE,9.43,10000
individual,OWN,5.31,9000
individual,RENT,17.09,16000
joint,MORTGAGE,9.93,16000
joint,RENT,19.03,30000
individual,MORTGAGE,17.47,35000
individual,RENT,7.34,9000
individual,MORTGAGE,6.72,11000
individual,OWN,6.72,16000
individual,MORTGAGE,10.91,14000
individual,RENT,16.02,21000
individual,MORTGAGE,6.72,25000
individual,OWN,9.93,3000
individual,MORTGAGE,21.45,35000
individual,RENT,12.61,35000
individual,MORTGAGE,21.45,35000
individual,RENT,11.99,10000
individual,OWN,6.08,18000
individual,RENT,18.45,17000
individual,RENT,24.85,1200
individual,MORTGAGE,14.08,20000
joint,MORTGAGE,15.05,20000
individual,MORTGAGE,9.43,40000
joint,MORTGAGE,6.72,15600
individual,MORTGAGE,6.71,8000
individual,RENT,9.44,20000
individual,RENT,9.44,3000
joint,MORTGAGE,10.42,32000
individual,RENT,30.65,2200
individual,MORTGAGE,9.93,5000
individual,OWN,9.43,10000
joint,RENT,9.44,13000
joint,MORTGAGE,11.99,16000
individual,MORTGAGE,21.85,24000
individual,RENT,13.58,30000
individual,RENT,7.35,6600
individual,MORTGAGE,7.97,10500
individual,MORTGAGE,25.82,20000
individual,MORTGAGE,9.43,3800
individual,RENT,14.07,20000
joint,MORTGAGE,20.0,18000
individual,OWN,9.43,40000
individual,MORTGAGE,14.08,1200
individual,MORTGAGE,15.05,30000
joint,MORTGAGE,9.92,15000
joint,MORTGAGE,14.08,23525
individual,OWN,13.58,20000
individual,RENT,18.06,17000
individual,OWN,10.42,30000
individual,MORTGAGE,16.02,2800
individual,RENT,20.0,10000
individual,MORTGAGE,12.62,12000
joint,MORTGAGE,9.93,25000
individual,MORTGAGE,18.45,10000
individual,OWN,6.08,3600
individual,OWN,9.43,1675
individual,OWN,10.42,16000
individual,MORTGAGE,16.02,8500
joint,MORTGAGE,11.98,20000
individual,MORTGAGE,19.42,8000
individual,RENT,10.91,30000
individual,RENT,21.45,20000
joint,MORTGAGE,25.81,2500
individual,OWN,7.96,40000
joint,MORTGAGE,30.17,19950
joint,MORTGAGE,12.62,26250
individual,MORTGAGE,10.91,20000
individual,OWN,11.99,40000
individual,MORTGAGE,7.97,18000
individual,OWN,7.34,3000
individual,OWN,12.62,10000
individual,MORTGAGE,6.72,5000
individual,MORTGAGE,15.04,15000
individual,OWN,6.08,9600
individual,RENT,11.98,16000
individual,RENT,12.61,5000
individual,MORTGAGE,21.45,13850
individual,RENT,10.42,2000
individual,OWN,14.08,12000
individual,RENT,9.44,11200
individual,RENT,10.41,7200
individual,MORTGAGE,12.62,7500
joint,RENT,19.03,10000
joint,MORTGAGE,9.44,25000
individual,RENT,10.9,5000
joint,MORTGAGE,24.85,25000
individual,RENT,9.44,13200
individual,RENT,10.42,1600
joint,MORTGAGE,14.07,20000
joint,MORTGAGE,9.44,40000
individual,RENT,12.61,3200
individual,MORTGAGE,6.08,15000
individual,MORTGAGE,6.08,18000
individual,RENT,16.02,10000
individual,RENT,15.04,10000
individual,MORTGAGE,5.31,10000
individual,RENT,20.0,8400
individual,OWN,20.39,19000
individual,MORTGAGE,9.43,9000
individual,MORTGAGE,9.93,15000
individual,MORTGAGE,12.62,24450
individual,RENT,13.59,18000
joint,OWN,7.35,11000
individual,MORTGAGE,10.9,12000
individual,MORTGAGE,9.93,21000
individual,RENT,10.91,2000
individual,RENT,10.9,8000
individual,RENT,16.02,21000
individual,MORTGAGE,20.0,3000
individual,RENT,24.85,20000
individual,RENT,28.72,20000
individual,MORTGAGE,6.72,18000
individual,MORTGAGE,14.08,10000
individual,RENT,9.93,5000
individual,OWN,12.62,20000
individual,MORTGAGE,6.72,40000
individual,MORTGAGE,7.35,29000
joint,OWN,10.91,3000
individual,RENT,16.02,24000
individual,MORTGAGE,9.93,20000
individual,MORTGAGE,18.06,1500
joint,MORTGAGE,9.93,30000
joint,MORTGAGE,17.09,5000
individual,RENT,7.35,9550
individual,RENT,12.62,10000
joint,MORTGAGE,9.93,15000
individual,OWN,21.85,14400
individual,RENT,9.44,15000
individual,RENT,10.9,30000
individual,MORTGAGE,20.0,20000
individual,RENT,13.59,8000
individual,MORTGAGE,9.93,14400
individual,RENT,9.93,24000
individual,MORTGAGE,7.96,8500
individual,MORTGAGE,21.45,28000
individual,MORTGAGE,24.85,16000
joint,MORTGAGE,17.09,9000
individual,OWN,21.45,12000
individual,RENT,11.99,24000
individual,MORTGAGE,13.58,28000
joint,RENT,19.03,8000
individual,MORTGAGE,7.97,28000
individual,OWN,7.35,13000
individual,MORTGAGE,22.91,5575
individual,MORTGAGE,9.93,8000
individual,OWN,6.71,27000
joint,MORTGAGE,6.07,15000
individual,MORTGAGE,10.42,40000
individual,MORTGAGE,12.61,6000
individual,RENT,16.01,11000
individual,MORTGAGE,6.07,12000
individual,MORTGAGE,6.08,6500
individual,RENT,15.05,20000
individual,RENT,7.96,2500
individual,MORTGAGE,15.04,24000
individual,MORTGAGE,6.08,10000
joint,RENT,14.08,20000
individual,RENT,11.99,11000
individual,RENT,10.9,8000
individual,RENT,13.58,7800
joint,RENT,10.91,9000
individual,OWN,9.93,30000
individual,OWN,19.03,8000
individual,RENT,10.41,10000
individual,MORTGAGE,9.43,12000
individual,RENT,18.06,7000
individual,RENT,12.62,20000
individual,RENT,12.62,25000
individual,MORTGAGE,14.08,9000
individual,OWN,6.71,6000
joint,RENT,14.08,25600
individual,RENT,11.99,11000
individual,RENT,21.45,30000
individual,MORTGAGE,16.01,3500
individual,RENT,6.71,12000
individual,OWN,12.61,25000
individual,MORTGAGE,13.58,10000
individual,OWN,7.35,16000
individual,OWN,17.47,3000
individual,RENT,21.45,30000
individual,OWN,11.98,7200
individual,RENT,15.05,12000
individual,RENT,11.98,1000
individual,MORTGAGE,6.72,7200
individual,MORTGAGE,15.05,32000
joint,MORTGAGE,20.39,16000
individual,RENT,16.02,5000
joint,MORTGAGE,5.32,40000
individual,RENT,7.35,40000
joint,MORTGAGE,10.42,35000
individual,RENT,16.02,5000
individual,RENT,6.07,1800
individual,RENT,19.03,5000
individual,RENT,6.71,35000
individual,MORTGAGE,6.72,8000
individual,OWN,18.45,6025
joint,MORTGAGE,16.02,38375
individual,MORTGAGE,9.44,5000
individual,RENT,22.91,4000
individual,RENT,6.08,6500
individual,MORTGAGE,9.92,5000
individual,MORTGAGE,12.62,30000
individual,MORTGAGE,12.62,20800
individual,MORTGAGE,21.45,9000
individual,OWN,6.08,1500
individual,MORTGAGE,17.47,20000
individual,OWN,11.98,28000
individual,RENT,15.05,15000
individual,RENT,16.02,6000
individual,MORTGAGE,10.91,3600
individual,RENT,7.97,12000
individual,RENT,14.07,4000
joint,MORTGAGE,24.85,24000
individual,MORTGAGE,13.58,18000
individual,RENT,9.93,32000
individual,RENT,6.08,10000
individual,MORTGAGE,7.35,24000
joint,RENT,15.04,1925
joint,MORTGAGE,9.44,9000
individual,OWN,12.61,10000
individual,MORTGAGE,11.98,20000
individual,RENT,12.61,10000
individual,RENT,6.71,7300
individual,OWN,20.39,24000
individual,MORTGAGE,9.43,19000
individual,OWN,22.91,9600
individual,OWN,16.02,21000
individual,MORTGAGE,10.42,28000
individual,RENT,20.39,20000
individual,RENT,12.61,10000
individual,RENT,15.04,12000
individual,RENT,6.08,15000
joint,MORTGAGE,18.06,20000
individual,MORTGAGE,10.91,12000
individual,RENT,7.34,16000
individual,MORTGAGE,6.72,40000
individual,RENT,15.05,2000
individual,MORTGAGE,5.32,40000
individual,RENT,6.72,20000
individual,RENT,19.03,7500
individual,MORTGAGE,7.97,7000
joint,RENT,17.09,24000
individual,RENT,14.08,6000
individual,MORTGAGE,15.04,4800
joint,RENT,21.45,5000
individual,MORTGAGE,9.44,5600
joint,MORTGAGE,9.93,21000
individual,OWN,14.08,21275
joint,MORTGAGE,15.05,35000
individual,RENT,15.05,24000
individual,RENT,9.44,5000
individual,MORTGAGE,5.31,20000
individual,MORTGAGE,10.42,18000
individual,MORTGAGE,6.72,3500
individual,RENT,17.09,18000
individual,RENT,14.07,10000
individual,RENT,13.59,24000
individual,OWN,15.04,35000
individual,MORTGAGE,11.98,10000
individual,MORTGAGE,9.92,24000
joint,OWN,15.04,25000
individual,RENT,17.47,30000
individual,RENT,6.07,20800
individual,RENT,11.99,20000
joint,MORTGAGE,14.07,4000
individual,MORTGAGE,6.08,30000
individual,RENT,13.58,1200
individual,RENT,5.32,30000
individual,MORTGAGE,15.04,13600
individual,RENT,10.42,27000
individual,RENT,7.35,8000
individual,MORTGAGE,13.58,20000
joint,OWN,7.35,9600
individual,RENT,7.34,10000
individual,OWN,10.42,30000
individual,MORTGAGE,11.98,35000
joint,MORTGAGE,16.02,8000
individual,MORTGAGE,12.61,4000
individual,RENT,9.44,23100
joint,MORTGAGE,19.03,24000
joint,MORTGAGE,14.08,33100
individual,RENT,9.44,15000
individual,MORTGAGE,9.93,8000
individual,RENT,30.79,15000
individual,MORTGAGE,18.45,30000
individual,RENT,9.93,5000
individual,MORTGAGE,16.02,10000
individual,MORTGAGE,9.44,6500
joint,MORTGAGE,16.02,10000
individual,RENT,14.07,28000
individual,OWN,17.09,30000
joint,OWN,12.62,6000
individual,RENT,16.01,30000
individual,RENT,10.91,10000
individual,OWN,16.02,30000
individual,OWN,11.98,7000
individual,OWN,7.35,40000
individual,RENT,15.04,5000
individual,MORTGAGE,13.58,12000
individual,MORTGAGE,7.97,10000
joint,MORTGAGE,20.39,16000
individual,MORTGAGE,10.42,2000
individual,MORTGAGE,7.97,13000
individual,MORTGAGE,9.93,25000
individual,MORTGAGE,19.03,10000
individual,RENT,10.42,5000
individual,RENT,7.35,16000
individual,OWN,15.05,12000
individual,MORTGAGE,13.59,8500
individual,MORTGAGE,5.31,40000
individual,MORTGAGE,21.45,20000
joint,RENT,26.3,32000
joint,MORTGAGE,6.08,29825
individual,MORTGAGE,18.06,2500
individual,RENT,7.96,12000
individual,RENT,20.0,8000
individual,RENT,12.61,20000
individual,OWN,6.08,6000
individual,OWN,13.58,6000
individual,RENT,15.05,20000
individual,MORTGAGE,5.31,16000
individual,MORTGAGE,7.35,24000
individual,MORTGAGE,7.34,6000
individual,RENT,7.97,12000
individual,OWN,19.03,35000
joint,MORTGAGE,16.02,22000
individual,MORTGAGE,11.98,2000
individual,MORTGAGE,6.08,10000
individual,RENT,7.96,10000
individual,MORTGAGE,13.59,10000
individual,RENT,30.79,25000
individual,RENT,13.58,10000
individual,RENT,14.08,8000
individual,MORTGAGE,6.08,20000
individual,RENT,7.35,20000
individual,OWN,12.61,6000
individual,RENT,10.42,9000
individual,MORTGAGE,14.08,15000
individual,MORTGAGE,9.93,15000
joint,MORTGAGE,5.32,4000
individual,RENT,11.99,24000
individual,MORTGAGE,11.99,28000
individual,RENT,10.9,4000
individual,RENT,19.03,14000
individual,RENT,26.3,5000
individual,MORTGAGE,6.72,20000
individual,OWN,14.08,40000
individual,RENT,15.05,7000
individual,MORTGAGE,16.02,26475
individual,MORTGAGE,9.93,35000
individual,RENT,16.02,21000
individual,RENT,10.42,12000
individual,RENT,15.05,5000
individual,MORTGAGE,7.97,4850
individual,RENT,9.43,24000
individual,RENT,13.58,20000
individual,OWN,15.05,35000
individual,RENT,13.58,16000
individual,MORTGAGE,7.34,12000
individual,MORTGAGE,13.59,14000
joint,RENT,11.99,20000
individual,RENT,21.85,22000
individual,RENT,7.35,12000
individual,RENT,20.0,18125
individual,MORTGAGE,21.45,32000
individual,MORTGAGE,12.61,30000
individual,MORTGAGE,12.62,15000
individual,RENT,20.39,10000
individual,MORTGAGE,5.32,22000
individual,RENT,12.61,25000
individual,MORTGAGE,5.31,16000
individual,OWN,10.91,10000
joint,MORTGAGE,15.05,7200
individual,MORTGAGE,10.91,25000
individual,RENT,17.47,12000
individual,RENT,7.97,3600
joint,RENT,7.35,4800
joint,RENT,9.44,5600
individual,OWN,14.07,12000
joint,MORTGAGE,18.06,14000
joint,MORTGAGE,26.77,23000
individual,MORTGAGE,12.62,13000
individual,MORTGAGE,7.35,10000
individual,RENT,12.61,25000
joint,MORTGAGE,5.32,10000
joint,RENT,12.62,4200
individual,MORTGAGE,9.93,12000
individual,OWN,19.42,20000
individual,MORTGAGE,9.92,15000
individual,RENT,5.31,15000
individual,RENT,10.41,10200
individual,RENT,17.47,8000
individual,RENT,21.45,16000
individual,OWN,5.32,6000
individual,MORTGAGE,7.35,28000
individual,MORTGAGE,9.43,24200
individual,RENT,12.62,9600
individual,RENT,10.41,11200
individual,MORTGAGE,10.42,12000
individual,MORTGAGE,10.41,18000
individual,MORTGAGE,16.01,12000
individual,MORTGAGE,13.59,12800
individual,MORTGAGE,14.08,8000
joint,OWN,6.72,4200
individual,OWN,25.82,28000
individual,MORTGAGE,24.85,20000
individual,MORTGAGE,7.96,4500
joint,OWN,10.9,23025
individual,MORTGAGE,7.34,13000
individual,OWN,16.02,3500
individual,OWN,10.91,2500
individual,OWN,11.98,30000
joint,MORTGAGE,11.99,24000
joint,OWN,6.07,24000
joint,MORTGAGE,15.05,32000
individual,RENT,21.45,16000
individual,OWN,6.08,22000
joint,RENT,12.61,2000
joint,RENT,10.42,26000
individual,MORTGAGE,6.72,15000
individual,RENT,14.08,35000
individual,MORTGAGE,6.08,5000
individual,RENT,7.96,12000
individual,MORTGAGE,16.02,3500
individual,RENT,19.03,1600
individual,OWN,7.34,32000
individual,MORTGAGE,7.97,5000
individual,RENT,17.09,16000
joint,MORTGAGE,9.93,32000
individual,RENT,11.98,26000
individual,MORTGAGE,9.44,10000
individual,MORTGAGE,11.98,23000
individual,RENT,9.93,7000
individual,MORTGAGE,12.62,6500
individual,MORTGAGE,15.04,20000
individual,MORTGAGE,19.03,13300
joint,MORTGAGE,19.03,11525
individual,RENT,11.98,18000
individual,RENT,10.41,3000
individual,MORTGAGE,7.34,20000
individual,RENT,17.09,35000
individual,OWN,5.31,15000
individual,MORTGAGE,6.07,15000
individual,MORTGAGE,16.02,15000
individual,RENT,7.34,7000
individual,MORTGAGE,15.04,3000
individual,MORTGAGE,11.99,36000
individual,RENT,11.99,4000
individual,OWN,26.3,12000
individual,MORTGAGE,6.71,22000
individual,RENT,13.59,20000
individual,MORTGAGE,20.39,35000
individual,RENT,5.31,15000
individual,OWN,6.72,6000
individual,RENT,19.03,25000
individual,MORTGAGE,12.61,40000
individual,MORTGAGE,16.02,32000
individual,MORTGAGE,17.09,30000
individual,RENT,20.0,21000
joint,OWN,12.62,20000
joint,MORTGAGE,15.05,27000
individual,RENT,6.71,10000
individual,MORTGAGE,16.02,20000
individual,RENT,10.91,6000
individual,OWN,7.34,12000
individual,RENT,14.08,30000
joint,RENT,6.72,17500
joint,RENT,15.05,40000
individual,OWN,7.35,5000
individual,RENT,7.97,7000
individual,MORTGAGE,9.43,2000
individual,MORTGAGE,10.9,20000
joint,MORTGAGE,6.72,7000
joint,MORTGAGE,9.93,35000
joint,OWN,7.34,5000
joint,MORTGAGE,14.08,12800
individual,RENT,19.42,10000
individual,MORTGAGE,7.97,5000
individual,OWN,10.9,5000
individual,RENT,9.44,4500
individual,MORTGAGE,10.91,15000
joint,MORTGAGE,9.43,7500
individual,OWN,19.42,10000
joint,RENT,24.85,19000
individual,OWN,12.61,20000
individual,RENT,13.58,5000
joint,RENT,21.45,11000
individual,MORTGAGE,12.61,3600
individual,MORTGAGE,13.59,16000
individual,OWN,21.45,10000
joint,OWN,16.02,6000
individual,MORTGAGE,15.04,15000
individual,RENT,10.9,5000
individual,RENT,13.59,9000
joint,MORTGAGE,12.62,3500
individual,OWN,7.97,3000
individual,MORTGAGE,12.62,12000
individual,MORTGAGE,17.09,18000
individual,MORTGAGE,20.0,31200
joint,RENT,19.42,14500
individual,MORTGAGE,9.44,4000
individual,RENT,20.39,5000
individual,MORTGAGE,17.09,24000
individual,RENT,10.9,30000
joint,MORTGAGE,16.01,10000
individual,MORTGAGE,17.09,22000
individual,OWN,9.93,25000
individual,RENT,9.43,10000
individual,MORTGAGE,6.72,10000
individual,OWN,17.09,19600
individual,MORTGAGE,15.05,15000
individual,OWN,10.9,30000
individual,RENT,9.93,15000
individual,RENT,12.61,18825
joint,OWN,9.93,5300
individual,RENT,15.05,7000
individual,MORTGAGE,6.72,3600
individual,MORTGAGE,9.44,4000
individual,RENT,25.81,21000
individual,MORTGAGE,10.42,25000
individual,RENT,13.59,20000
individual,MORTGAGE,6.72,14000
individual,OWN,10.9,24000
individual,MORTGAGE,9.93,40000
individual,MORTGAGE,7.96,35000
individual,RENT,13.59,15000
individual,RENT,10.41,10000
individual,RENT,9.93,36000
individual,MORTGAGE,7.97,25000
individual,MORTGAGE,10.91,6000
individual,MORTGAGE,9.92,9000
individual,RENT,15.04,6000
joint,MORTGAGE,13.58,5000
joint,MORTGAGE,15.04,7500
individual,MORTGAGE,7.35,34725
individual,RENT,9.93,12000
joint,RENT,25.82,3000
individual,RENT,6.07,15000
individual,RENT,14.08,30000
individual,RENT,7.97,9000
individual,MORTGAGE,10.91,20000
individual,MORTGAGE,11.99,10000
individual,MORTGAGE,6.72,30000
individual,MORTGAGE,10.41,6500
individual,RENT,6.71,6000
individual,RENT,5.31,20000
individual,MORTGAGE,10.9,25000
individual,MORTGAGE,6.71,8000
individual,MORTGAGE,13.59,6025
individual,RENT,10.91,20000
individual,RENT,13.59,35000
individual,OWN,14.07,6500
individual,MORTGAGE,10.42,5000
individual,RENT,19.42,12000
joint,MORTGAGE,16.01,18000
individual,OWN,9.43,25000
individual,OWN,14.07,20000
individual,MORTGAGE,5.32,12000
individual,MORTGAGE,6.72,2700
individual,MORTGAGE,12.61,14000
joint,MORTGAGE,17.09,15000
individual,RENT,12.61,40000
joint,RENT,14.08,18000
individual,MORTGAGE,17.09,20000
individual,MORTGAGE,6.72,9500
individual,MORTGAGE,9.93,32400
individual,MORTGAGE,10.42,12000
joint,MORTGAGE,9.44,36000
individual,MORTGAGE,5.32,35925
individual,MORTGAGE,13.58,12000
individual,MORTGAGE,6.08,40000
individual,RENT,10.91,10000
individual,MORTGAGE,12.61,28000
individual,RENT,20.39,30000
individual,RENT,12.62,14000
individual,MORTGAGE,19.03,12000
individual,RENT,7.35,20000
individual,RENT,12.62,40000
individual,MORTGAGE,6.71,25000
individual,MORTGAGE,10.42,40000
individual,RENT,6.07,11000
joint,MORTGAGE,19.42,16000
individual,OWN,7.34,5000
individual,MORTGAGE,17.09,5000
joint,MORTGAGE,16.01,1500
individual,MORTGAGE,6.08,9000
individual,OWN,7.34,5000
joint,RENT,9.43,1800
individual,OWN,9.93,27900
individual,MORTGAGE,18.45,24000
individual,RENT,10.42,5000
individual,OWN,15.05,28000
individual,MORTGAGE,6.08,12000
individual,RENT,10.42,5000
individual,MORTGAGE,21.85,12200
joint,OWN,15.05,23800
individual,MORTGAGE,13.59,40000
individual,MORTGAGE,5.31,25000
individual,OWN,10.41,6000
individual,RENT,9.44,12000
joint,MORTGAGE,26.77,35000
individual,MORTGAGE,10.91,6000
individual,MORTGAGE,23.87,20000
individual,MORTGAGE,11.99,4200
individual,MORTGAGE,6.07,15000
individual,MORTGAGE,14.08,20000
joint,MORTGAGE,9.43,15000
joint,MORTGAGE,18.45,4500
individual,RENT,10.91,10000
individual,MORTGAGE,16.02,5000
individual,MORTGAGE,9.43,25000
individual,MORTGAGE,10.9,35000
individual,MORTGAGE,17.09,5500
individual,RENT,19.03,12000
individual,RENT,10.91,15000
individual,MORTGAGE,6.72,3600
individual,RENT,5.32,10000
individual,OWN,6.72,6000
joint,MORTGAGE,12.62,20000
individual,RENT,11.99,10000
individual,OWN,24.85,15000
individual,RENT,10.42,13000
joint,RENT,10.91,6000
individual,RENT,9.93,8500
individual,RENT,19.03,24000
individual,MORTGAGE,6.08,5000
joint,MORTGAGE,14.08,12800
individual,RENT,12.61,12600
individual,OWN,6.08,35000
individual,OWN,17.09,22400
individual,MORTGAGE,16.01,16000
individual,RENT,10.91,31500
individual,RENT,14.08,4000
individual,MORTGAGE,18.06,16000
individual,RENT,15.04,8500
individual,MORTGAGE,15.04,11000
individual,RENT,10.91,6500
individual,OWN,10.91,8000
individual,MORTGAGE,19.03,20000
individual,OWN,17.09,35000
joint,MORTGAGE,9.93,36000
individual,MORTGAGE,10.9,25000
individual,RENT,10.9,2500
individual,RENT,6.72,26000
individual,RENT,17.09,15000
joint,MORTGAGE,16.02,23000
individual,MORTGAGE,13.58,19200
individual,OWN,11.99,15000
individual,RENT,9.92,3400
joint,MORTGAGE,6.72,34100
joint,MORTGAGE,12.62,35000
individual,MORTGAGE,11.98,30000
individual,MORTGAGE,5.32,3625
individual,RENT,10.9,15000
individual,OWN,21.45,28525
individual,OWN,16.02,3500
individual,MORTGAGE,6.07,40000
joint,RENT,7.35,20000
individual,OWN,10.91,14000
individual,MORTGAGE,6.72,20000
individual,MORTGAGE,7.97,10000
individual,OWN,10.41,10000
individual,RENT,17.47,16000
individual,RENT,16.02,16350
joint,RENT,9.93,15000
individual,RENT,16.01,10000
joint,MORTGAGE,16.02,16000
joint,RENT,12.61,15000
individual,RENT,7.35,12000
individual,MORTGAGE,25.81,21150
individual,RENT,5.31,22500
individual,RENT,14.08,14000
individual,RENT,7.35,23000
individual,RENT,19.03,30000
individual,RENT,13.58,15000
individual,RENT,16.02,7200
joint,RENT,13.59,10000
joint,MORTGAGE,6.08,12000
individual,MORTGAGE,14.08,20000
individual,MORTGAGE,12.61,25000
individual,OWN,5.32,9500
individual,MORTGAGE,10.91,5000
individual,MORTGAGE,14.08,12000
individual,MORTGAGE,12.62,18000
individual,MORTGAGE,15.05,21000
individual,MORTGAGE,11.99,16000
individual,MORTGAGE,19.03,5600
individual,RENT,10.91,14775
individual,RENT,13.59,15000
individual,RENT,19.03,10000
individual,OWN,16.01,25000
individual,OWN,11.99,20000
individual,MORTGAGE,7.35,15000
individual,RENT,10.42,10000
joint,OWN,16.02,10000
individual,OWN,9.43,8000
individual,MORTGAGE,9.93,11200
individual,MORTGAGE,9.43,20000
individual,RENT,11.99,10000
individual,RENT,12.61,1500
individual,RENT,5.31,15000
individual,MORTGAGE,18.06,14400
individual,MORTGAGE,24.85,17000
individual,RENT,14.08,35000
individual,OWN,21.45,20000
joint,MORTGAGE,15.05,27850
individual,MORTGAGE,16.01,20000
joint,MORTGAGE,6.07,32000
individual,RENT,19.42,32200
joint,MORTGAGE,7.34,7200
individual,MORTGAGE,6.08,15000
individual,MORTGAGE,16.01,20000
individual,RENT,10.9,12000
individual,OWN,16.01,8000
individual,RENT,9.44,15000
joint,RENT,19.03,10000
joint,MORTGAGE,13.59,12050
joint,RENT,17.47,30000
joint,RENT,19.03,30000
individual,RENT,14.07,10000
individual,MORTGAGE,16.01,11000
individual,RENT,10.9,10000
joint,MORTGAGE,15.05,7200
individual,MORTGAGE,13.59,2000
joint,MORTGAGE,9.44,40000
individual,MORTGAGE,9.44,15000
joint,MORTGAGE,5.32,28000
individual,OWN,5.31,6000
individual,MORTGAGE,9.92,11200
individual,MORTGAGE,12.62,15000
individual,RENT,12.61,7200
joint,OWN,6.08,35000
individual,MORTGAGE,15.05,40000
individual,OWN,6.71,17000
individual,MORTGAGE,19.03,2000
individual,RENT,10.42,10000
individual,MORTGAGE,11.99,30000
individual,MORTGAGE,18.06,30600
individual,OWN,7.34,6000
joint,MORTGAGE,7.34,40000
individual,MORTGAGE,10.91,4000
individual,MORTGAGE,6.71,9200
individual,RENT,15.05,8675
individual,OWN,6.71,20000
individual,MORTGAGE,6.07,4000
joint,MORTGAGE,9.92,10000
individual,OWN,18.45,12000
individual,MORTGAGE,7.35,4000
individual,RENT,7.97,5000
individual,MORTGAGE,9.44,25000
individual,RENT,13.59,10200
individual,OWN,18.45,21600
individual,MORTGAGE,12.62,12000
individual,OWN,15.04,12000
individual,MORTGAGE,10.91,27225
joint,MORTGAGE,17.09,35000
individual,RENT,6.72,6500
joint,RENT,21.85,10000
individual,RENT,15.05,30000
individual,MORTGAGE,19.03,6000
individual,RENT,6.08,3000
individual,MORTGAGE,18.06,23000
joint,OWN,9.92,12000
individual,OWN,6.07,7000
individual,RENT,18.45,6000
joint,MORTGAGE,12.62,25600
individual,MORTGAGE,7.35,33500
individual,RENT,6.07,12000
joint,MORTGAGE,14.08,20400
individual,MORTGAGE,13.58,35000
individual,OWN,12.62,29000
individual,RENT,10.42,6400
individual,OWN,10.91,10000
individual,MORTGAGE,7.35,15000
individual,RENT,11.99,12000
individual,MORTGAGE,9.43,16000
joint,MORTGAGE,16.02,34000
individual,MORTGAGE,12.62,14000
individual,RENT,16.02,10000
individual,MORTGAGE,16.01,12000
individual,MORTGAGE,5.31,17000
joint,MORTGAGE,7.35,17500
individual,MORTGAGE,9.93,12000
individual,MORTGAGE,14.08,19000
individual,RENT,12.61,12000
individual,MORTGAGE,15.05,18000
individual,MORTGAGE,12.62,18000
individual,RENT,14.08,16000
individual,MORTGAGE,6.71,11000
individual,MORTGAGE,6.72,6000
individual,RENT,12.61,7000
individual,OWN,9.43,9600
individual,RENT,15.05,30000
individual,MORTGAGE,9.92,20000
individual,MORTGAGE,16.02,8000
individual,MORTGAGE,13.59,23000
individual,RENT,10.91,15675
individual,RENT,9.43,30000
individual,MORTGAGE,18.45,8400
individual,RENT,9.44,2400
individual,RENT,6.08,10000
individual,RENT,15.05,10500
individual,MORTGAGE,9.93,28000
individual,RENT,19.03,30000
individual,RENT,14.08,6400
joint,RENT,18.06,22000
individual,MORTGAGE,5.32,17000
individual,MORTGAGE,6.08,35000
individual,RENT,5.32,10000
individual,MORTGAGE,7.97,5000
individual,OWN,7.35,21000
individual,RENT,7.34,3000
individual,MORTGAGE,11.99,15000
individual,RENT,7.97,40000
individual,RENT,14.08,5000
individual,RENT,10.42,20000
individual,MORTGAGE,7.35,6500
individual,MORTGAGE,14.08,3600
joint,RENT,26.3,10000
individual,MORTGAGE,6.71,12000
individual,MORTGAGE,9.43,11000
individual,MORTGAGE,11.98,20000
individual,RENT,9.43,40000
individual,RENT,10.9,25000
individual,MORTGAGE,12.62,12000
individual,MORTGAGE,5.32,23650
individual,MORTGAGE,21.85,28000
individual,OWN,9.43,16000
individual,RENT,9.44,18000
individual,MORTGAGE,6.72,34750
individual,RENT,9.44,13000
individual,RENT,16.02,5000
individual,OWN,6.71,21000
joint,MORTGAGE,13.59,12000
joint,RENT,12.61,5000
individual,RENT,19.03,15000
individual,MORTGAGE,13.59,28000
individual,RENT,16.02,4000
joint,MORTGAGE,26.3,16000
individual,RENT,10.91,5000
individual,MORTGAGE,6.08,6000
individual,MORTGAGE,12.61,12000
individual,MORTGAGE,9.44,16000
individual,RENT,7.97,16000
joint,OWN,10.91,24000
joint,MORTGAGE,21.45,16000
joint,MORTGAGE,11.98,40000
individual,OWN,30.79,20300
individual,MORTGAGE,6.07,7500
individual,RENT,7.97,8400
individual,MORTGAGE,7.35,40000
individual,MORTGAGE,10.42,17000
individual,OWN,18.45,28250
individual,MORTGAGE,7.97,8400
individual,MORTGAGE,12.61,15000
joint,OWN,10.91,20000
individual,RENT,9.92,20000
individual,MORTGAGE,9.93,40000
individual,MORTGAGE,11.98,22725
individual,RENT,9.43,10000
individual,RENT,10.9,5000
individual,RENT,14.08,15000
individual,RENT,10.41,10500
individual,RENT,15.05,4000
individual,RENT,9.93,2000
individual,OWN,15.05,10000
joint,MORTGAGE,7.34,20000
individual,RENT,15.04,10000
individual,MORTGAGE,14.08,12000
individual,RENT,20.0,18000
individual,MORTGAGE,14.08,10000
individual,MORTGAGE,12.61,16525
individual,MORTGAGE,11.99,18000
individual,RENT,16.01,11000
individual,OWN,16.01,14000
individual,RENT,11.98,1500
individual,RENT,10.41,14000
individual,OWN,18.06,13100
individual,RENT,11.99,20000
individual,MORTGAGE,10.9,5000
individual,MORTGAGE,11.99,16000
individual,RENT,22.91,6000
individual,MORTGAGE,17.09,18000
individual,MORTGAGE,14.08,7000
individual,MORTGAGE,10.41,35000
individual,OWN,6.07,19000
individual,MORTGAGE,15.05,16000
individual,RENT,18.06,15000
joint,MORTGAGE,10.42,6500
individual,MORTGAGE,13.59,24000
individual,RENT,5.32,40000
individual,RENT,6.72,4000
individual,RENT,10.42,4500
joint,OWN,19.03,30000
individual,RENT,9.43,10000
individual,RENT,7.34,5000
individual,RENT,21.85,10000
individual,RENT,14.08,5000
individual,OWN,20.39,8200
individual,MORTGAGE,14.08,30000
individual,RENT,7.96,20000
individual,OWN,15.04,10400
individual,MORTGAGE,15.04,12150
joint,MORTGAGE,6.72,5000
individual,MORTGAGE,10.42,24000
joint,MORTGAGE,12.62,31000
individual,MORTGAGE,18.06,10000
individual,RENT,7.34,2400
individual,MORTGAGE,21.45,24000
individual,RENT,12.61,40000
individual,RENT,9.92,10000
individual,MORTGAGE,5.32,12600
individual,OWN,19.03,20000
joint,MORTGAGE,10.42,10000
individual,MORTGAGE,9.93,15000
individual,RENT,16.02,28000
individual,MORTGAGE,16.02,21275
individual,RENT,18.06,6800
individual,MORTGAGE,5.32,40000
individual,OWN,7.97,5000
individual,MORTGAGE,21.45,20000
individual,RENT,6.71,7500
individual,RENT,16.01,5000
individual,OWN,13.59,3000
joint,OWN,6.08,3200
individual,RENT,10.9,25000
individual,RENT,13.59,1500
individual,RENT,11.98,10000
individual,MORTGAGE,11.98,30000
individual,MORTGAGE,10.9,21000
individual,OWN,5.32,10000
individual,RENT,18.45,32000
individual,MORTGAGE,16.02,16000
individual,OWN,19.03,18000
individual,RENT,13.59,12000
individual,RENT,5.31,3500
individual,RENT,11.98,3000
individual,RENT,18.45,5000
individual,MORTGAGE,16.02,10000
individual,RENT,12.62,32000
individual,MORTGAGE,9.93,20000
individual,RENT,10.91,12000
individual,RENT,10.91,6000
individual,RENT,7.35,9500
individual,RENT,11.99,15000
individual,MORTGAGE,25.82,20000
individual,OWN,7.97,9600
joint,MORTGAGE,14.08,10000
individual,RENT,9.44,20000
individual,RENT,15.05,6000
joint,RENT,13.59,18000
individual,MORTGAGE,11.98,40000
individual,RENT,13.58,35000
individual,RENT,6.72,12000
individual,RENT,13.59,15000
individual,OWN,7.34,35000
joint,MORTGAGE,9.93,24000
individual,RENT,10.9,16000
individual,RENT,10.41,6000
individual,MORTGAGE,6.08,20000
individual,RENT,14.07,7200
individual,MORTGAGE,6.72,20000
individual,OWN,10.42,25000
individual,RENT,10.42,3200
joint,MORTGAGE,14.08,16000
individual,MORTGAGE,6.71,15000
individual,MORTGAGE,21.45,10000
joint,MORTGAGE,20.0,20000
individual,RENT,17.47,5000
individual,RENT,6.08,7000
individual,RENT,5.32,7200
individual,RENT,19.03,7000
individual,MORTGAGE,17.09,30000
joint,MORTGAGE,10.42,11000
individual,MORTGAGE,9.93,15000
individual,RENT,18.06,18000
individual,MORTGAGE,10.91,40000
individual,MORTGAGE,6.71,35000
joint,RENT,11.98,40000
individual,MORTGAGE,11.99,12000
joint,OWN,18.06,25700
individual,OWN,21.85,19000
joint,OWN,25.81,30000
individual,MORTGAGE,9.93,20000
individual,OWN,10.9,5000
individual,RENT,5.32,14000
joint,MORTGAGE,24.85,35000
individual,MORTGAGE,20.39,10000
individual,RENT,9.44,10000
individual,MORTGAGE,7.34,10000
individual,OWN,7.96,16000
individual,RENT,19.42,35000
individual,MORTGAGE,13.58,20000
individual,MORTGAGE,6.07,13000
individual,MORTGAGE,6.08,25000
joint,MORTGAGE,9.44,16800
individual,MORTGAGE,6.08,10000
joint,MORTGAGE,6.72,17000
individual,RENT,7.35,25000
individual,MORTGAGE,6.71,15000
individual,OWN,19.42,35000
joint,OWN,24.84,30000
individual,MORTGAGE,18.06,3000
individual,RENT,12.61,6500
individual,MORTGAGE,14.08,19000
individual,RENT,10.42,20000
individual,RENT,9.92,3000
individual,RENT,16.02,5000
individual,MORTGAGE,6.07,20000
joint,MORTGAGE,18.06,21700
individual,MORTGAGE,24.84,19675
individual,MORTGAGE,7.34,10000
individual,MORTGAGE,19.03,25000
individual,RENT,13.59,5000
individual,RENT,11.99,15000
individual,RENT,12.62,12000
individual,MORTGAGE,6.07,10000
individual,MORTGAGE,9.92,2000
joint,MORTGAGE,9.43,25000
individual,RENT,10.91,2800
individual,RENT,9.93,17600
individual,RENT,11.99,6000
individual,RENT,9.93,5000
joint,RENT,15.05,32000
individual,MORTGAGE,6.08,6000
individual,MORTGAGE,14.07,5000
individual,MORTGAGE,14.08,5600
individual,RENT,7.35,10000
individual,RENT,6.08,19200
individual,OWN,16.02,7000
joint,OWN,9.43,21700
individual,RENT,10.9,1200
individual,OWN,10.91,3200
individual,MORTGAGE,9.93,35000
individual,RENT,7.96,6500
joint,MORTGAGE,10.9,15000
individual,RENT,12.62,3000
individual,RENT,12.62,11000
individual,MORTGAGE,17.47,20000
individual,MORTGAGE,19.03,6600
individual,RENT,14.08,18000
individual,RENT,6.72,40000
individual,RENT,9.93,11200
individual,MORTGAGE,6.08,10000
individual,MORTGAGE,5.32,30675
individual,RENT,9.43,30000
individual,OWN,11.99,18000
individual,MORTGAGE,13.58,10000
individual,MORTGAGE,11.99,5600
individual,RENT,6.72,3500
individual,MORTGAGE,11.99,24000
individual,RENT,9.43,3000
joint,MORTGAGE,5.31,14000
individual,RENT,13.59,10000
individual,MORTGAGE,10.42,16200
individual,RENT,18.45,5000
individual,MORTGAGE,6.72,32000
joint,MORTGAGE,15.04,40000
individual,MORTGAGE,14.07,12000
individual,RENT,22.91,10000
individual,MORTGAGE,16.02,10000
individual,MORTGAGE,16.01,35000
individual,MORTGAGE,6.72,18000
individual,OWN,10.9,12000
individual,RENT,10.42,14000
individual,RENT,11.99,11000
individual,MORTGAGE,14.08,40000
individual,MORTGAGE,12.62,24000
individual,MORTGAGE,13.59,35000
individual,RENT,17.09,24000
joint,OWN,11.99,30000
individual,MORTGAGE,18.45,7000
individual,RENT,9.92,6000
individual,RENT,26.77,12800
individual,MORTGAGE,6.72,40000
individual,MORTGAGE,16.01,12400
joint,MORTGAGE,5.31,20000
joint,MORTGAGE,19.42,36250
individual,OWN,17.47,9600
joint,MORTGAGE,11.99,5000
individual,RENT,13.59,2200
individual,MORTGAGE,6.71,25000
individual,RENT,16.02,28000
individual,MORTGAGE,6.07,40000
individual,MORTGAGE,17.47,15000
joint,MORTGAGE,23.88,15000
individual,RENT,15.04,5000
joint,MORTGAGE,11.98,32000
individual,MORTGAGE,16.01,24000
individual,OWN,7.35,24000
individual,MORTGAGE,7.96,11000
individual,MORTGAGE,13.58,35000
individual,RENT,11.99,15000
joint,RENT,20.0,16000
individual,RENT,13.58,4925
individual,RENT,7.35,10000
individual,RENT,7.97,16000
individual,MORTGAGE,16.02,30000
individual,OWN,19.42,20000
joint,MORTGAGE,9.93,30000
individual,RENT,12.61,5500
individual,RENT,7.35,9000
individual,MORTGAGE,6.71,18000
individual,RENT,14.08,10000
joint,MORTGAGE,10.41,18000
individual,RENT,19.42,10000
individual,MORTGAGE,5.31,2000
joint,MORTGAGE,18.06,19225
individual,MORTGAGE,11.99,30000
individual,RENT,14.08,4000
individual,MORTGAGE,15.05,20000
joint,RENT,14.07,9600
individual,RENT,7.35,40000
individual,MORTGAGE,17.47,12000
individual,MORTGAGE,21.85,34975
joint,MORTGAGE,16.01,15000
individual,MORTGAGE,13.59,8000
individual,RENT,11.99,40000
individual,MORTGAGE,12.62,13000
individual,MORTGAGE,10.9,10000
individual,RENT,9.44,40000
individual,OWN,10.41,4000
individual,RENT,6.72,10000
individual,RENT,17.09,10000
individual,RENT,14.08,4000
individual,MORTGAGE,16.01,30000
joint,MORTGAGE,5.32,28800
individual,RENT,6.72,12000
joint,RENT,7.34,11000
individual,MORTGAGE,7.34,6000
individual,RENT,20.39,14000
individual,MORTGAGE,14.07,20000
individual,MORTGAGE,15.04,11200
individual,MORTGAGE,6.07,20000
individual,MORTGAGE,13.59,15000
individual,RENT,14.08,26000
individual,RENT,11.99,7800
individual,RENT,13.58,30000
individual,RENT,9.93,10000
individual,MORTGAGE,6.08,7500
individual,RENT,13.59,24400
individual,RENT,10.42,10000
individual,RENT,6.72,10000
individual,RENT,12.61,18000
individual,OWN,14.08,15000
individual,MORTGAGE,18.06,15000
individual,RENT,9.44,14000
individual,OWN,11.99,1500
individual,MORTGAGE,7.35,13000
individual,RENT,7.34,10000
joint,MORTGAGE,16.01,40000
individual,OWN,19.03,6000
individual,OWN,9.44,24000
joint,RENT,15.05,9600
individual,RENT,18.45,26500
individual,OWN,9.93,4500
individual,MORTGAGE,6.07,16000
individual,RENT,9.44,6000
individual,OWN,6.71,21600
individual,MORTGAGE,13.58,28000
individual,RENT,20.0,18000
individual,MORTGAGE,15.05,17000
individual,RENT,17.09,6650
individual,MORTGAGE,17.09,12000
individual,MORTGAGE,9.44,4500
individual,OWN,10.42,36000
individual,RENT,11.99,30000
individual,OWN,13.58,15000
individual,MORTGAGE,15.05,5000
individual,MORTGAGE,7.35,40000
individual,MORTGAGE,9.44,4000
individual,MORTGAGE,10.9,14000
individual,OWN,14.08,20000
individual,MORTGAGE,10.91,20000
individual,RENT,17.09,18000
individual,MORTGAGE,9.44,40000
individual,MORTGAGE,15.05,24000
individual,RENT,7.34,8000
individual,MORTGAGE,11.99,15000
individual,RENT,15.04,7000
individual,MORTGAGE,23.88,5000
individual,RENT,24.84,16100
individual,OWN,18.45,15000
individual,MORTGAGE,21.45,35000
individual,MORTGAGE,10.41,8300
individual,MORTGAGE,6.07,3500
individual,RENT,14.08,10400
individual,RENT,11.99,6000
individual,MORTGAGE,9.43,32000
individual,RENT,10.41,20000
individual,OWN,16.02,20000
individual,MORTGAGE,12.61,36000
individual,MORTGAGE,10.91,7200
individual,MORTGAGE,6.07,2000
individual,MORTGAGE,10.41,20000
individual,RENT,6.08,8000
individual,RENT,9.44,15000
individual,RENT,13.59,8400
individual,RENT,7.97,24000
individual,RENT,7.35,7700
individual,RENT,10.91,1500
individual,RENT,18.06,2000
individual,RENT,13.59,13000
individual,MORTGAGE,10.41,35000
joint,RENT,14.07,10000
individual,OWN,12.62,16000
individual,OWN,10.9,10000
individual,MORTGAGE,16.02,12000
individual,MORTGAGE,12.62,23000
individual,RENT,12.61,8000
individual,MORTGAGE,10.91,8400
individual,OWN,12.62,35000
individual,MORTGAGE,6.72,25000
joint,MORTGAGE,14.08,25000
individual,RENT,18.06,16000
individual,RENT,10.42,15000
individual,RENT,13.59,17000
individual,MORTGAGE,7.97,11200
individual,MORTGAGE,16.02,2000
joint,RENT,18.06,10000
joint,RENT,16.01,9500
individual,MORTGAGE,9.93,20000
individual,MORTGAGE,7.97,10000
individual,RENT,12.61,35000
individual,MORTGAGE,7.34,8000
individual,RENT,10.42,6000
individual,MORTGAGE,10.91,40000
individual,RENT,6.07,1500
individual,MORTGAGE,9.44,20000
joint,RENT,18.06,16800
joint,MORTGAGE,30.79,35500
individual,RENT,9.93,38825
individual,OWN,16.02,14500
joint,MORTGAGE,10.41,30000
joint,MORTGAGE,19.03,32000
individual,MORTGAGE,12.62,20000
individual,MORTGAGE,7.97,20000
individual,MORTGAGE,9.93,20000
individual,MORTGAGE,12.62,10000
individual,RENT,14.08,12000
individual,RENT,17.47,35000
individual,MORTGAGE,16.02,16400
individual,OWN,11.99,5000
individual,MORTGAGE,10.41,10000
individual,MORTGAGE,21.85,25000
individual,RENT,17.09,10000
individual,RENT,18.06,10000
individual,RENT,11.99,20000
joint,MORTGAGE,12.62,16000
individual,RENT,10.9,30000
individual,MORTGAGE,7.34,15750
individual,RENT,18.06,2200
individual,RENT,19.03,21000
joint,MORTGAGE,15.05,6500
individual,OWN,9.43,24725
individual,RENT,11.99,8400
individual,RENT,7.97,1450
joint,OWN,9.44,20000
individual,MORTGAGE,26.77,6100
joint,MORTGAGE,10.42,20000
individual,OWN,9.92,18000
individual,MORTGAGE,17.09,20000
individual,MORTGAGE,16.02,28000
joint,OWN,10.9,16800
individual,MORTGAGE,16.02,10000
individual,RENT,15.04,5000
individual,OWN,5.31,13000
individual,RENT,14.07,7200
individual,RENT,13.59,2975
individual,OWN,6.72,20000
individual,RENT,6.08,6000
individual,RENT,7.34,14000
individual,MORTGAGE,10.42,10000
individual,RENT,21.85,25000
individual,RENT,11.99,5000
joint,MORTGAGE,6.72,2500
joint,MORTGAGE,15.04,30000
individual,MORTGAGE,17.09,20000
individual,RENT,9.93,9000
individual,MORTGAGE,13.58,27400
joint,OWN,16.01,40000
joint,MORTGAGE,6.08,40000
individual,MORTGAGE,10.91,8000
individual,OWN,6.07,5000
joint,RENT,26.3,12800
individual,OWN,12.62,33600
individual,MORTGAGE,21.45,13000
joint,RENT,18.45,12000
individual,MORTGAGE,9.44,18000
joint,MORTGAGE,6.08,17000
individual,RENT,7.97,3200
individual,RENT,13.58,13500
individual,MORTGAGE,14.07,19200
individual,OWN,9.93,10500
individual,OWN,5.31,8000
individual,RENT,10.41,10000
individual,RENT,6.08,15000
individual,OWN,6.07,12000
individual,OWN,13.58,15600
individual,RENT,18.06,5900
individual,OWN,9.93,9600
individual,OWN,10.41,12000
individual,RENT,10.41,25000
individual,MORTGAGE,17.09,22325
individual,RENT,9.92,8400
individual,RENT,15.05,15000
individual,RENT,7.96,30000
joint,OWN,9.92,25000
individual,MORTGAGE,6.08,16000
individual,RENT,16.01,6500
joint,RENT,21.45,12000
individual,RENT,16.02,5000
joint,RENT,6.08,30000
individual,OWN,6.08,3000
individual,RENT,17.09,17000
individual,OWN,12.62,20000
individual,OWN,5.32,3000
individual,RENT,16.01,10000
individual,MORTGAGE,10.91,2300
individual,MORTGAGE,9.44,12000
individual,RENT,9.92,5600
individual,MORTGAGE,16.01,25000
joint,OWN,20.0,1750
individual,MORTGAGE,13.59,16000
joint,MORTGAGE,14.08,18400
individual,RENT,17.09,26000
individual,RENT,14.08,15000
individual,OWN,23.87,10000
joint,OWN,9.92,19200
individual,MORTGAGE,9.92,9800
individual,RENT,10.91,7700
individual,OWN,16.01,4500
individual,OWN,7.35,6600
individual,MORTGAGE,16.01,13825
individual,MORTGAGE,20.39,24000
individual,RENT,10.41,16000
individual,RENT,12.62,9000
joint,MORTGAGE,16.02,28975
individual,RENT,21.45,31200
individual,RENT,24.85,35000
individual,OWN,21.85,20000
individual,MORTGAGE,10.9,16000
joint,MORTGAGE,11.98,10000
individual,RENT,7.97,4500
joint,MORTGAGE,16.01,40000
individual,MORTGAGE,10.9,10000
individual,OWN,12.62,20000
joint,MORTGAGE,10.41,33600
individual,RENT,15.04,20000
individual,MORTGAGE,19.42,16500
individual,OWN,25.81,30000
individual,RENT,16.02,8500
individual,RENT,6.71,6800
individual,MORTGAGE,12.62,15400
individual,MORTGAGE,9.93,15000
individual,MORTGAGE,18.45,30000
individual,RENT,13.59,6500
individual,OWN,13.59,19200
individual,RENT,23.88,27000
individual,MORTGAGE,7.35,12800
individual,RENT,10.9,10000
joint,MORTGAGE,22.91,32000
individual,OWN,14.08,10000
individual,RENT,7.35,10500
individual,RENT,17.47,12500
individual,MORTGAGE,10.42,10000
individual,MORTGAGE,9.92,1200
individual,RENT,9.92,20000
individual,OWN,25.82,30000
individual,OWN,6.72,14000
individual,MORTGAGE,6.08,10000
individual,MORTGAGE,16.02,20000
individual,MORTGAGE,7.35,3500
joint,MORTGAGE,9.43,18000
individual,MORTGAGE,16.02,25000
individual,MORTGAGE,7.96,15000
joint,RENT,6.07,8000
individual,RENT,15.05,1000
individual,RENT,19.03,8000
individual,MORTGAGE,18.06,1125
individual,OWN,5.32,35000
individual,RENT,9.43,9000
joint,MORTGAGE,21.45,23000
individual,RENT,19.03,20000
individual,RENT,13.59,10000
individual,RENT,5.32,25000
individual,MORTGAGE,9.92,15300
individual,MORTGAGE,19.03,18000
joint,MORTGAGE,12.61,33000
individual,RENT,6.08,18000
individual,MORTGAGE,28.72,24450
individual,RENT,12.61,15000
individual,RENT,7.35,6000
individual,OWN,6.08,16000
individual,RENT,6.08,10000
individual,RENT,10.91,7200
individual,RENT,19.03,10000
individual,RENT,7.96,3000
individual,OWN,6.08,32000
individual,MORTGAGE,6.71,2000
individual,MORTGAGE,19.42,6000
individual,MORTGAGE,9.93,7000
individual,OWN,7.96,2000
individual,MORTGAGE,17.09,40000
individual,MORTGAGE,21.45,35000
individual,RENT,19.03,15000
individual,MORTGAGE,14.08,15000
individual,MORTGAGE,13.58,30000
individual,OWN,13.59,23000
individual,MORTGAGE,10.41,15000
individual,MORTGAGE,17.09,10000
individual,MORTGAGE,9.93,3000
individual,OWN,9.43,40000
individual,MORTGAGE,17.09,25000
individual,RENT,22.91,12900
joint,OWN,9.93,30000
individual,MORTGAGE,9.93,15000
individual,MORTGAGE,15.05,35000
individual,RENT,10.42,25000
individual,RENT,7.35,35000
individual,RENT,10.91,12000
individual,MORTGAGE,9.44,10000
individual,RENT,12.61,8000
individual,RENT,11.99,25000
individual,RENT,15.05,8000
individual,MORTGAGE,11.99,14000
individual,RENT,19.03,10000
individual,MORTGAGE,9.44,6000
individual,OWN,9.93,2800
individual,OWN,20.0,12000
individual,RENT,20.0,12800
individual,RENT,10.41,13000
individual,MORTGAGE,11.99,5000
individual,MORTGAGE,13.59,22175
individual,RENT,9.93,10000
individual,RENT,10.42,8800
joint,RENT,7.97,9000
individual,MORTGAGE,7.35,17000
individual,RENT,13.58,16000
individual,OWN,13.59,20000
individual,OWN,7.97,10000
individual,MORTGAGE,6.71,10000
individual,OWN,21.45,20400
individual,RENT,9.44,10000
individual,MORTGAGE,10.41,7000
individual,MORTGAGE,9.92,10000
individual,RENT,16.02,20000
individual,MORTGAGE,9.93,10000
individual,OWN,16.01,15000
individual,RENT,12.62,2000
individual,RENT,9.92,4000
individual,OWN,11.99,5000
individual,RENT,21.85,1000
individual,RENT,26.3,25000
individual,MORTGAGE,9.92,14000
individual,OWN,13.58,14000
individual,MORTGAGE,14.08,6000
individual,RENT,6.08,18000
individual,MORTGAGE,9.44,18000
individual,RENT,21.45,10000
individual,MORTGAGE,12.61,20000
individual,OWN,6.71,40000
individual,RENT,6.72,20000
joint,MORTGAGE,18.45,39725
individual,MORTGAGE,12.61,3500
individual,RENT,19.42,23000
individual,RENT,12.62,15000
individual,OWN,5.32,40000
individual,MORTGAGE,9.93,5000
joint,OWN,9.93,23500
individual,RENT,10.41,6000
individual,OWN,6.71,7000
individual,RENT,10.41,8000
joint,MORTGAGE,26.77,24750
individual,MORTGAGE,10.91,20000
individual,MORTGAGE,11.99,23175
joint,RENT,19.42,8500
individual,RENT,9.44,10000
joint,MORTGAGE,18.45,24000
individual,RENT,22.91,15000
individual,OWN,11.99,14000
individual,MORTGAGE,6.07,11000
individual,OWN,14.07,16000
individual,OWN,7.35,22000
individual,RENT,6.71,5000
individual,MORTGAGE,19.42,35000
individual,RENT,15.04,40000
individual,OWN,5.32,12000
individual,MORTGAGE,11.99,40000
individual,MORTGAGE,16.02,27000
individual,MORTGAGE,12.61,32000
individual,RENT,11.98,15000
individual,MORTGAGE,16.02,1600
individual,MORTGAGE,5.32,4000
individual,MORTGAGE,6.71,16000
individual,RENT,19.42,22050
individual,MORTGAGE,6.71,10000
individual,OWN,21.45,10800
individual,MORTGAGE,12.62,5000
individual,RENT,9.43,20000
individual,MORTGAGE,6.71,10000
individual,MORTGAGE,18.06,15000
individual,OWN,17.47,30000
individual,RENT,9.43,11500
individual,RENT,11.98,18000
joint,MORTGAGE,5.32,40000
individual,RENT,18.06,9600
individual,MORTGAGE,7.96,6000
joint,MORTGAGE,7.35,14500
individual,MORTGAGE,9.43,30000
individual,RENT,11.99,30000
individual,RENT,6.08,11000
individual,RENT,21.45,25000
individual,MORTGAGE,9.44,5000
individual,MORTGAGE,14.08,8000
individual,RENT,9.92,16000
individual,MORTGAGE,9.43,24000
individual,MORTGAGE,15.05,4800
individual,MORTGAGE,15.05,6000
individual,MORTGAGE,5.31,36000
individual,RENT,16.01,4000
individual,RENT,11.99,3000
individual,RENT,12.61,36000
individual,MORTGAGE,16.02,15000
joint,OWN,12.62,10800
individual,RENT,19.03,1000
joint,MORTGAGE,11.99,10050
individual,MORTGAGE,11.99,16000
individual,RENT,15.05,8000
individual,MORTGAGE,7.35,8500
individual,RENT,19.03,35000
individual,MORTGAGE,6.72,21000
individual,MORTGAGE,11.98,10000
individual,RENT,19.42,30000
individual,MORTGAGE,12.61,15000
joint,MORTGAGE,14.07,18000
joint,MORTGAGE,12.62,27600
individual,RENT,19.03,13200
individual,RENT,15.05,1500
individual,RENT,10.91,13125
individual,OWN,9.44,5000
joint,MORTGAGE,9.43,20000
individual,MORTGAGE,14.07,3000
individual,OWN,13.59,5000
individual,RENT,10.91,30000
individual,RENT,11.98,5000
individual,RENT,16.02,6000
individual,MORTGAGE,10.41,15000
individual,MORTGAGE,7.35,20000
individual,RENT,30.79,18750
individual,RENT,10.42,35000
individual,RENT,13.59,28000
joint,RENT,25.81,12500
individual,RENT,10.42,31000
joint,MORTGAGE,5.31,40000
individual,MORTGAGE,9.93,10000
individual,MORTGAGE,10.91,40000
individual,RENT,6.08,8000
joint,RENT,7.96,40000
individual,RENT,10.42,8000
individual,RENT,9.44,4000
individual,MORTGAGE,6.08,18000
individual,OWN,13.59,9000
individual,OWN,16.01,20000
individual,MORTGAGE,13.59,9600
joint,MORTGAGE,5.32,25000
joint,RENT,6.71,9000
individual,RENT,7.35,10000
individual,MORTGAGE,10.42,15000
individual,RENT,12.62,5300
individual,OWN,19.03,15000
individual,OWN,19.03,14000
individual,RENT,7.34,20000
individual,MORTGAGE,6.72,35000
individual,RENT,11.98,3000
individual,RENT,10.41,9000
individual,RENT,18.06,5000
joint,MORTGAGE,13.59,15000
individual,RENT,18.45,17000
individual,RENT,7.34,4000
individual,OWN,15.05,35000
joint,RENT,20.39,16800
joint,RENT,10.91,18000
individual,MORTGAGE,7.35,13000
individual,MORTGAGE,11.99,12000
individual,RENT,7.34,14000
individual,RENT,13.59,4800
individual,MORTGAGE,15.04,10200
individual,RENT,17.09,18000
individual,MORTGAGE,9.92,4000
individual,RENT,6.71,28000
individual,MORTGAGE,17.09,17000
individual,MORTGAGE,10.42,5000
individual,MORTGAGE,9.44,10000
individual,RENT,10.9,5000
individual,MORTGAGE,9.43,15000
individual,MORTGAGE,9.44,12000
joint,MORTGAGE,9.92,36000
individual,RENT,26.77,24000
individual,OWN,19.03,35000
individual,OWN,12.62,14500
individual,MORTGAGE,12.61,2500
individual,MORTGAGE,6.72,35000
individual,RENT,9.43,22225
individual,RENT,15.04,35000
individual,MORTGAGE,12.61,30000
joint,MORTGAGE,11.99,15000
joint,MORTGAGE,11.98,36000
individual,MORTGAGE,7.35,26000
individual,RENT,21.85,3300
individual,MORTGAGE,6.08,25000
individual,MORTGAGE,11.99,20000
individual,RENT,7.35,3500
individual,MORTGAGE,7.96,5000
individual,MORTGAGE,10.42,15000
individual,MORTGAGE,6.08,10000
individual,OWN,11.98,10000
individual,MORTGAGE,28.72,24000
individual,MORTGAGE,20.0,10000
individual,RENT,9.44,8000
individual,RENT,13.59,40000
joint,MORTGAGE,12.61,24000
individual,OWN,9.44,36000
individual,RENT,16.01,10000
individual,MORTGAGE,21.85,8000
individual,MORTGAGE,23.88,15000
joint,MORTGAGE,13.59,25000
individual,RENT,9.44,28000
individual,MORTGAGE,12.62,15000
joint,MORTGAGE,7.34,12000
individual,MORTGAGE,9.44,10000
individual,OWN,9.44,30000
individual,MORTGAGE,5.31,9000
individual,RENT,10.42,7000
individual,MORTGAGE,6.72,7000
individual,MORTGAGE,9.44,10000
individual,RENT,9.44,5000
individual,MORTGAGE,9.93,4200
individual,MORTGAGE,7.96,10500
individual,MORTGAGE,7.97,10000
joint,RENT,23.87,6000
individual,OWN,9.92,14000
individual,RENT,20.39,4800
individual,RENT,9.43,12000
individual,MORTGAGE,7.35,20000
joint,OWN,11.98,38000
individual,MORTGAGE,9.93,12000
individual,MORTGAGE,13.59,20000
individual,RENT,21.45,5000
individual,OWN,10.91,15000
individual,RENT,14.07,10000
individual,RENT,9.43,16000
joint,MORTGAGE,14.08,32000
individual,MORTGAGE,5.31,7200
individual,MORTGAGE,12.62,30000
joint,MORTGAGE,9.44,28000
individual,OWN,23.88,11600
individual,MORTGAGE,6.07,40000
individual,RENT,14.08,20000
individual,MORTGAGE,14.08,9000
individual,RENT,7.35,15000
individual,MORTGAGE,6.07,20000
individual,MORTGAGE,9.44,40000
individual,MORTGAGE,17.47,12000
individual,RENT,12.62,40000
individual,MORTGAGE,10.42,2100
individual,RENT,9.44,20000
joint,MORTGAGE,11.98,11000
joint,RENT,6.07,8000
individual,RENT,14.08,35000
individual,MORTGAGE,10.91,10000
individual,RENT,10.42,16000
individual,MORTGAGE,14.07,8000
individual,MORTGAGE,6.72,35000
joint,MORTGAGE,12.62,35000
individual,MORTGAGE,6.72,25000
individual,MORTGAGE,6.08,9000
individual,MORTGAGE,19.03,12800
individual,RENT,16.02,20000
joint,RENT,20.0,17000
individual,RENT,20.0,17000
individual,RENT,21.85,12800
individual,RENT,6.08,9600
individual,MORTGAGE,9.93,20000
individual,MORTGAGE,7.96,25000
individual,RENT,9.93,12000
individual,RENT,7.34,15000
joint,RENT,5.31,5000
individual,RENT,16.01,18000
individual,MORTGAGE,14.08,10000
individual,RENT,15.04,8000
individual,RENT,16.02,15000
joint,MORTGAGE,7.97,18000
joint,RENT,7.97,3000
individual,MORTGAGE,6.72,30000
individual,RENT,12.62,10500
individual,MORTGAGE,23.87,10700
joint,MORTGAGE,15.04,5000
individual,OWN,9.44,7000
individual,RENT,10.91,25000
individual,MORTGAGE,24.84,30000
joint,RENT,10.41,12000
joint,OWN,7.35,6000
joint,OWN,18.45,30000
individual,MORTGAGE,10.41,8000
individual,OWN,18.45,22000
individual,RENT,11.99,25000
individual,MORTGAGE,9.92,20000
individual,RENT,10.42,15600
individual,MORTGAGE,16.01,30000
individual,MORTGAGE,28.72,14000
individual,MORTGAGE,5.32,16000
individual,RENT,14.07,20000
individual,RENT,7.97,2800
individual,MORTGAGE,5.32,15000
individual,RENT,20.39,25000
individual,RENT,10.41,14000
individual,OWN,9.44,15000
individual,RENT,10.42,15000
joint,OWN,6.72,20000
individual,MORTGAGE,13.59,25000
joint,MORTGAGE,20.39,10000
individual,MORTGAGE,10.41,5000
individual,MORTGAGE,14.08,40000
individual,RENT,12.61,10000
individual,RENT,16.01,15000
individual,RENT,10.9,22000
individual,RENT,13.59,5000
individual,MORTGAGE,6.72,30000
joint,OWN,26.3,11625
individual,RENT,15.05,12975
individual,MORTGAGE,10.9,28000
individual,MORTGAGE,20.0,12000
joint,MORTGAGE,7.35,2000
individual,MORTGAGE,14.07,2500
individual,MORTGAGE,13.59,10125
individual,RENT,16.01,6300
individual,MORTGAGE,10.42,2500
individual,RENT,6.07,10000
individual,RENT,11.98,3600
individual,MORTGAGE,5.32,15000
individual,MORTGAGE,22.9,10000
joint,MORTGAGE,9.92,26000
joint,OWN,7.35,20000
individual,MORTGAGE,12.62,17425
individual,OWN,21.85,8000
joint,RENT,14.07,11200
individual,RENT,9.43,10000
individual,MORTGAGE,6.08,7700
joint,MORTGAGE,6.71,35000
individual,RENT,9.43,5000
individual,MORTGAGE,9.44,4500
individual,MORTGAGE,5.31,6500
individual,MORTGAGE,9.44,26400
individual,MORTGAGE,15.05,5000
individual,RENT,16.02,24000
individual,RENT,7.35,30000
individual,RENT,12.62,2400
individual,MORTGAGE,9.43,7000
individual,MORTGAGE,10.41,5000
individual,RENT,12.61,3500
individual,OWN,9.93,15000
individual,MORTGAGE,13.59,13775
individual,RENT,13.58,5000
joint,OWN,22.91,6500
individual,MORTGAGE,18.45,16825
joint,MORTGAGE,13.58,20000
individual,RENT,19.42,30000
individual,OWN,9.44,10000
individual,MORTGAGE,7.35,30000
individual,MORTGAGE,10.91,26000
joint,MORTGAGE,6.72,14000
joint,RENT,13.59,1000
individual,MORTGAGE,13.59,10000
individual,RENT,9.92,40000
joint,MORTGAGE,15.05,35000
joint,MORTGAGE,20.0,18000
individual,RENT,17.09,10000
individual,RENT,6.71,38000
joint,MORTGAGE,11.98,6000
individual,MORTGAGE,12.61,14000
individual,OWN,14.08,12000
individual,MORTGAGE,9.93,13000
individual,MORTGAGE,9.92,3000
joint,MORTGAGE,13.59,16000
individual,MORTGAGE,6.07,4200
individual,MORTGAGE,10.91,12000
individual,OWN,13.59,3000
individual,RENT,15.04,15000
individual,RENT,12.62,10000
joint,MORTGAGE,16.02,35000
joint,MORTGAGE,15.04,4000
individual,RENT,11.98,5000
individual,OWN,6.72,40000
individual,RENT,10.91,4200
individual,MORTGAGE,10.9,7000
individual,MORTGAGE,7.35,20000
individual,RENT,7.34,20000
individual,RENT,9.92,8500
individual,RENT,24.84,30000
joint,MORTGAGE,7.34,30000
individual,MORTGAGE,10.41,4000
individual,MORTGAGE,9.43,18000
individual,RENT,15.05,24000
individual,OWN,12.61,21000
individual,OWN,9.92,1500
individual,RENT,19.42,20000
individual,RENT,21.45,30000
individual,OWN,10.9,5000
individual,MORTGAGE,6.72,16000
individual,MORTGAGE,12.61,24000
individual,MORTGAGE,7.96,4000
individual,MORTGAGE,9.93,11000
individual,MORTGAGE,16.02,8000
individual,RENT,9.44,32000
joint,MORTGAGE,9.93,15000
individual,RENT,14.08,7000
joint,MORTGAGE,13.58,10000
individual,RENT,9.92,20000
individual,MORTGAGE,9.44,27500
individual,MORTGAGE,18.45,20000
individual,MORTGAGE,10.41,30000
individual,RENT,10.42,6000
individual,MORTGAGE,6.07,15000
individual,MORTGAGE,15.04,20000
individual,RENT,9.93,20000
individual,RENT,6.08,2000
individual,MORTGAGE,15.05,20000
joint,MORTGAGE,23.87,30000
individual,RENT,19.42,3000
individual,OWN,16.02,3000
individual,OWN,26.77,30000
individual,RENT,10.91,7550
individual,RENT,7.96,4000
individual,MORTGAGE,10.42,20000
individual,MORTGAGE,6.72,27000
joint,OWN,16.02,4000
individual,MORTGAGE,13.59,15000
joint,MORTGAGE,7.34,18000
individual,MORTGAGE,7.35,15000
joint,MORTGAGE,30.17,35000
individual,OWN,15.05,5000
individual,RENT,9.44,35500
individual,OWN,15.04,15000
individual,MORTGAGE,7.34,25000
individual,OWN,7.34,5000
individual,RENT,13.59,35875
individual,RENT,11.99,40000
joint,MORTGAGE,6.72,12000
individual,MORTGAGE,10.42,7000
individual,RENT,18.06,23875
individual,RENT,21.45,30000
individual,MORTGAGE,5.31,35000
individual,RENT,13.58,32150
individual,MORTGAGE,11.99,4800
individual,RENT,21.45,10000
joint,RENT,9.93,12000
individual,RENT,14.07,12000
individual,MORTGAGE,7.35,10000
individual,RENT,14.08,10000
individual,RENT,7.35,1000
individual,OWN,14.08,17000
individual,MORTGAGE,10.91,15000
joint,OWN,12.62,23000
individual,RENT,12.61,15000
individual,MORTGAGE,5.31,5000
individual,MORTGAGE,15.05,32000
individual,RENT,9.92,3000
individual,MORTGAGE,5.32,18000
individual,RENT,28.72,12000
individual,MORTGAGE,7.97,10000
individual,RENT,22.9,15000
joint,RENT,13.59,15000
individual,RENT,16.02,40000
joint,MORTGAGE,7.97,5000
individual,RENT,6.71,7200
joint,MORTGAGE,7.34,5800
individual,OWN,10.9,14375
individual,MORTGAGE,10.42,35000
individual,OWN,21.85,7500
joint,OWN,9.92,6000
individual,MORTGAGE,11.99,21000
individual,MORTGAGE,17.09,10000
individual,RENT,20.0,10400
joint,MORTGAGE,10.9,24000
individual,OWN,15.05,24000
joint,MORTGAGE,13.58,35000
individual,RENT,19.03,12000
individual,RENT,25.82,1000
individual,MORTGAGE,11.98,35000
individual,RENT,21.45,7200
individual,RENT,9.93,25000
individual,MORTGAGE,16.02,25000
individual,RENT,7.34,24000
joint,MORTGAGE,11.99,12000
individual,OWN,19.03,16000
individual,RENT,17.09,12000
individual,MORTGAGE,9.44,15000
individual,RENT,6.07,3125
individual,OWN,9.93,33600
individual,RENT,6.72,5000
individual,MORTGAGE,16.02,40000
individual,RENT,9.44,3000
joint,MORTGAGE,6.07,2500
individual,MORTGAGE,9.93,30000
individual,MORTGAGE,18.06,20000
individual,MORTGAGE,12.61,34825
individual,RENT,7.35,19000
individual,RENT,13.59,8000
joint,MORTGAGE,10.9,24725
individual,RENT,11.98,10000
joint,MORTGAGE,14.08,20000
individual,RENT,7.35,11000
individual,OWN,10.91,7800
individual,RENT,9.92,15000
individual,MORTGAGE,7.97,6000
individual,MORTGAGE,12.62,13000
joint,MORTGAGE,28.72,20000
joint,RENT,20.0,20000
individual,RENT,6.08,25000
individual,MORTGAGE,12.61,35000
individual,MORTGAGE,17.09,6000
joint,MORTGAGE,7.97,23550
individual,OWN,23.87,20000
individual,MORTGAGE,7.96,7600
individual,MORTGAGE,6.08,40000
individual,MORTGAGE,12.62,12000
individual,RENT,14.08,15000
individual,MORTGAGE,10.9,5000
joint,MORTGAGE,30.65,10000
individual,RENT,15.05,11500
individual,RENT,11.99,21000
joint,RENT,17.09,40000
individual,MORTGAGE,7.35,10000
individual,RENT,13.58,9000
individual,RENT,15.04,24000
individual,MORTGAGE,10.41,10000
individual,MORTGAGE,16.02,12000
individual,MORTGAGE,16.01,12000
joint,MORTGAGE,9.44,40000
joint,RENT,23.88,7000
individual,OWN,7.35,15500
joint,MORTGAGE,9.93,11100
joint,MORTGAGE,16.02,14000
joint,MORTGAGE,5.32,13000
individual,MORTGAGE,13.59,15000
individual,MORTGAGE,7.96,5150
individual,MORTGAGE,10.42,39000
individual,MORTGAGE,18.06,4000
individual,RENT,10.42,23000
joint,MORTGAGE,18.45,30000
individual,MORTGAGE,10.42,16000
joint,OWN,22.9,8425
individual,OWN,10.91,15000
joint,MORTGAGE,10.41,20000
individual,MORTGAGE,6.08,9800
individual,MORTGAGE,14.08,30000
joint,MORTGAGE,6.72,8000
individual,MORTGAGE,18.45,11500
joint,RENT,11.99,7000
joint,MORTGAGE,23.88,16500
individual,RENT,6.71,10000
individual,MORTGAGE,12.62,38500
joint,MORTGAGE,7.34,6000
joint,MORTGAGE,11.98,6000
individual,RENT,16.02,40000
individual,MORTGAGE,5.31,14000
joint,MORTGAGE,9.93,32000
individual,MORTGAGE,6.07,7000
individual,OWN,9.92,6000
individual,MORTGAGE,7.34,9600
individual,MORTGAGE,10.9,20000
individual,MORTGAGE,7.96,31000
individual,MORTGAGE,6.08,6500
individual,RENT,9.43,10000
joint,OWN,7.97,30000
individual,OWN,15.05,16800
individual,MORTGAGE,9.44,10000
individual,RENT,6.08,10000
individual,RENT,9.44,20000
individual,MORTGAGE,9.43,20000
individual,MORTGAGE,16.02,19000
individual,MORTGAGE,6.72,11200
joint,MORTGAGE,9.93,25000
individual,RENT,13.58,16800
individual,RENT,9.92,7000
individual,MORTGAGE,10.9,13425
individual,RENT,9.93,2800
individual,RENT,6.72,10000
individual,MORTGAGE,19.42,16000
individual,RENT,6.72,10000
individual,MORTGAGE,17.09,3000
joint,MORTGAGE,9.44,35000
individual,MORTGAGE,6.72,3000
individual,MORTGAGE,7.96,12000
individual,MORTGAGE,6.71,2500
joint,RENT,9.93,30000
individual,MORTGAGE,22.9,5000
individual,RENT,17.47,35000
individual,MORTGAGE,6.07,11500
individual,RENT,16.02,20000
joint,MORTGAGE,18.45,32000
individual,RENT,9.44,17000
joint,RENT,11.99,10000
individual,MORTGAGE,6.72,10000
joint,RENT,18.45,23275
joint,MORTGAGE,13.59,21600
individual,RENT,21.45,10000
joint,RENT,30.17,30000
individual,MORTGAGE,16.02,40000
individual,MORTGAGE,7.35,4200
individual,MORTGAGE,25.82,26000
individual,RENT,10.41,6000
individual,MORTGAGE,12.62,20000
individual,MORTGAGE,7.34,15500
individual,MORTGAGE,15.05,20000
individual,RENT,9.43,7000
individual,RENT,12.61,34700
individual,MORTGAGE,19.42,5000
individual,OWN,12.62,11400
individual,OWN,11.99,7000
joint,MORTGAGE,7.34,30000
joint,MORTGAGE,11.99,20000
individual,RENT,17.09,27700
joint,RENT,12.62,32000
individual,MORTGAGE,14.07,12000
individual,OWN,16.01,10050
individual,RENT,7.34,15000
individual,MORTGAGE,15.04,10000
individual,MORTGAGE,7.35,40000
individual,MORTGAGE,6.72,4900
joint,MORTGAGE,6.08,29000
individual,MORTGAGE,12.62,28000
individual,MORTGAGE,24.85,18000
individual,OWN,5.31,28000
joint,MORTGAGE,9.43,40000
individual,RENT,7.35,10000
individual,RENT,11.98,5250
individual,RENT,9.92,40000
individual,MORTGAGE,11.99,5000
joint,MORTGAGE,21.45,24000
individual,RENT,7.35,5000
individual,OWN,16.01,4000
individual,RENT,12.62,10000
individual,OWN,20.39,30000
individual,OWN,10.91,40000
individual,MORTGAGE,7.34,2800
joint,MORTGAGE,11.98,15600
individual,RENT,9.43,6025
individual,RENT,6.72,7000
individual,OWN,6.07,14000
individual,RENT,10.91,8000
individual,MORTGAGE,10.42,8000
individual,MORTGAGE,15.05,39400
individual,MORTGAGE,15.05,15000
individual,MORTGAGE,11.98,10000
individual,MORTGAGE,7.34,20000
individual,RENT,19.42,10000
individual,RENT,24.85,25000
individual,RENT,7.96,6500
individual,RENT,7.96,15000
joint,MORTGAGE,10.9,16000
individual,MORTGAGE,7.96,2400
individual,MORTGAGE,15.05,10000
individual,RENT,24.85,15400
individual,RENT,11.99,7000
joint,MORTGAGE,18.45,10000
individual,OWN,7.96,40000
individual,MORTGAGE,11.99,24000
individual,OWN,7.96,22000
individual,MORTGAGE,5.32,40000
individual,RENT,15.04,10000
individual,RENT,12.61,16000
individual,MORTGAGE,9.93,20400
individual,MORTGAGE,9.43,12000
individual,RENT,18.06,8000
individual,RENT,13.58,7000
individual,MORTGAGE,11.98,10000
individual,OWN,11.98,10000
joint,MORTGAGE,7.35,36000
individual,RENT,7.97,10000
joint,MORTGAGE,7.35,28000
individual,MORTGAGE,14.07,6000
joint,MORTGAGE,20.0,12000
individual,MORTGAGE,10.9,20000
joint,MORTGAGE,10.91,5350
individual,MORTGAGE,6.71,24000
individual,OWN,9.93,23000
individual,RENT,6.08,6000
joint,MORTGAGE,9.92,17000
joint,RENT,18.06,5000
individual,OWN,16.02,10000
individual,MORTGAGE,13.59,12000
individual,RENT,9.93,14000
individual,MORTGAGE,7.35,30000
individual,OWN,11.99,3000
individual,MORTGAGE,17.47,6000
individual,RENT,15.05,7000
individual,RENT,7.97,12000
individual,RENT,26.3,16000
individual,RENT,10.42,9600
individual,RENT,23.88,5100
individual,OWN,15.05,10000
individual,MORTGAGE,7.96,6500
individual,MORTGAGE,11.99,6000
individual,MORTGAGE,20.0,20000
individual,RENT,18.06,20000
joint,MORTGAGE,9.43,15000
individual,MORTGAGE,13.58,25000
individual,MORTGAGE,6.07,6000
individual,RENT,13.59,30000
individual,RENT,12.61,2000
individual,MORTGAGE,18.06,14400
individual,RENT,15.05,25000
individual,MORTGAGE,16.02,35000
individual,MORTGAGE,10.42,40000
individual,MORTGAGE,17.09,35000
individual,MORTGAGE,9.92,14800
joint,MORTGAGE,11.99,15000
joint,MORTGAGE,9.92,21000
individual,MORTGAGE,9.93,22000
individual,MORTGAGE,17.09,16000
joint,RENT,10.42,18200
individual,RENT,18.06,15000
individual,RENT,12.61,15500
individual,RENT,9.92,15000
individual,MORTGAGE,9.93,10000
individual,MORTGAGE,7.97,21000
individual,OWN,7.96,8000
individual,OWN,7.35,9600
individual,MORTGAGE,13.58,12000
individual,OWN,10.41,10000
individual,RENT,9.93,8000
individual,RENT,10.42,13000
individual,RENT,11.99,34650
individual,MORTGAGE,9.92,12000
individual,OWN,9.44,10000
individual,MORTGAGE,7.34,16000
individual,MORTGAGE,16.02,32000
individual,RENT,12.61,15000
individual,OWN,17.47,10000
individual,MORTGAGE,14.07,15000
joint,MORTGAGE,5.31,30000
individual,RENT,19.03,26000
joint,MORTGAGE,18.45,17625
individual,MORTGAGE,21.85,20000
individual,MORTGAGE,7.34,21000
individual,RENT,19.03,20000
individual,RENT,7.34,30000
individual,RENT,15.05,16000
joint,MORTGAGE,9.43,16500
individual,RENT,21.45,10000
individual,MORTGAGE,11.98,31325
individual,RENT,6.71,10000
individual,MORTGAGE,14.08,13000
individual,OWN,7.97,20000
individual,MORTGAGE,14.08,35000
individual,MORTGAGE,9.92,10000
joint,RENT,6.72,15000
individual,MORTGAGE,14.08,12000
individual,OWN,13.59,10000
individual,MORTGAGE,13.59,36000
individual,OWN,10.9,13000
individual,RENT,26.3,2250
individual,MORTGAGE,9.44,32200
joint,MORTGAGE,15.05,11000
individual,RENT,7.34,10000
individual,MORTGAGE,20.0,15000
individual,MORTGAGE,7.34,20000
individual,RENT,10.9,24000
individual,MORTGAGE,16.02,16000
individual,MORTGAGE,16.02,7000
joint,MORTGAGE,10.9,25200
individual,MORTGAGE,13.59,30000
individual,MORTGAGE,26.3,4050
joint,MORTGAGE,15.05,6000
individual,RENT,10.91,15000
individual,MORTGAGE,7.34,40000
individual,RENT,14.08,23000
joint,RENT,16.01,35000
individual,MORTGAGE,11.99,10000
individual,MORTGAGE,14.08,36000
individual,OWN,6.07,6000
individual,MORTGAGE,6.08,2000
joint,RENT,25.82,36000
individual,MORTGAGE,10.41,7500
individual,MORTGAGE,20.0,24775
individual,RENT,7.35,16000
individual,RENT,20.39,30000
joint,MORTGAGE,7.96,3600
individual,MORTGAGE,6.08,3600
individual,MORTGAGE,13.58,40000
individual,MORTGAGE,7.34,15000
individual,MORTGAGE,6.72,40000
individual,MORTGAGE,14.08,24000
individual,MORTGAGE,14.08,15000
individual,MORTGAGE,9.44,10000
joint,RENT,22.91,20000
individual,RENT,20.0,19200
joint,MORTGAGE,24.84,32675
individual,MORTGAGE,9.93,2500
individual,RENT,10.42,6000
individual,RENT,9.44,8000
individual,MORTGAGE,15.05,6000
joint,RENT,11.98,5000
individual,MORTGAGE,9.44,6000
individual,RENT,18.45,7000
joint,MORTGAGE,26.3,13000
individual,MORTGAGE,6.08,5000
individual,RENT,7.96,8900
individual,MORTGAGE,26.77,27300
individual,RENT,6.08,9000
individual,RENT,6.08,6400
individual,OWN,7.34,10000
individual,RENT,13.59,5000
individual,MORTGAGE,7.35,25000
individual,RENT,12.62,13000
individual,OWN,17.09,10000
individual,RENT,20.0,15200
joint,RENT,14.07,20000
individual,RENT,9.43,20000
individual,MORTGAGE,12.61,2400
individual,OWN,6.08,3000
individual,OWN,17.09,5000
individual,MORTGAGE,10.9,12000
individual,MORTGAGE,6.72,10500
individual,MORTGAGE,16.02,12000
individual,RENT,14.08,24000
joint,OWN,7.34,5600
individual,RENT,14.08,10000
individual,RENT,10.42,30000
individual,MORTGAGE,7.35,15000
individual,MORTGAGE,9.44,8000
individual,MORTGAGE,20.0,15000
individual,RENT,15.04,19425
individual,RENT,21.45,8000
individual,RENT,10.91,5825
individual,MORTGAGE,10.41,15000
individual,MORTGAGE,12.62,30000
individual,RENT,9.44,10000
individual,OWN,9.92,2000
individual,RENT,9.44,25000
individual,RENT,13.59,14400
individual,RENT,15.05,12000
individual,OWN,19.42,2000
individual,MORTGAGE,10.9,32000
individual,RENT,6.08,8650
individual,RENT,17.09,22000
individual,MORTGAGE,9.44,36000
joint,MORTGAGE,16.01,32000
individual,MORTGAGE,6.07,9000
individual,RENT,13.59,20000
individual,MORTGAGE,25.82,10000
individual,RENT,9.43,10000
individual,RENT,25.81,20000
individual,MORTGAGE,6.08,4700
individual,MORTGAGE,9.44,35175
joint,MORTGAGE,7.35,30000
individual,MORTGAGE,14.07,10000
joint,RENT,17.47,24000
individual,OWN,20.0,2500
individual,RENT,9.92,12000
individual,MORTGAGE,5.31,9775
individual,MORTGAGE,15.04,8000
individual,RENT,19.03,11000
joint,MORTGAGE,17.09,20000
individual,RENT,12.62,20000
joint,RENT,16.02,27000
individual,MORTGAGE,10.41,2000
individual,RENT,9.44,3000
individual,RENT,13.59,20000
individual,RENT,10.41,5500
individual,MORTGAGE,5.31,22000
individual,MORTGAGE,7.97,8400
individual,MORTGAGE,6.72,5500
individual,RENT,14.08,20000
individual,RENT,13.59,15000
individual,RENT,10.91,32000
individual,MORTGAGE,10.9,8400
individual,RENT,14.08,10000
individual,MORTGAGE,12.62,24500
joint,RENT,20.0,6000
individual,RENT,6.08,18000
individual,MORTGAGE,6.08,2050
joint,RENT,9.93,32000
individual,MORTGAGE,9.44,3600
individual,MORTGAGE,7.96,20000
individual,OWN,9.93,5000
individual,RENT,11.99,5000
individual,MORTGAGE,12.61,15000
individual,RENT,5.32,15000
individual,MORTGAGE,25.81,20000
individual,MORTGAGE,10.9,20000
individual,MORTGAGE,25.81,30000
individual,MORTGAGE,5.32,15000
individual,MORTGAGE,11.98,15000
individual,RENT,21.85,16000
individual,RENT,5.31,5000
individual,MORTGAGE,9.92,20000
individual,MORTGAGE,10.9,31075
individual,RENT,20.39,4200
individual,RENT,10.9,20000
individual,MORTGAGE,14.08,25000
individual,OWN,21.85,18000
individual,RENT,13.58,12000
joint,RENT,11.99,35000
individual,OWN,10.91,20000
individual,OWN,6.72,30000
individual,RENT,19.03,12500
individual,OWN,18.45,28000
individual,RENT,10.9,15000
individual,MORTGAGE,9.43,40000
individual,MORTGAGE,7.97,4500
individual,MORTGAGE,7.35,5000
individual,MORTGAGE,7.34,30000
individual,OWN,10.41,10000
individual,RENT,10.41,10000
individual,MORTGAGE,10.41,10000
individual,MORTGAGE,10.41,5000
individual,MORTGAGE,7.96,24000
individual,RENT,24.85,28000
individual,MORTGAGE,10.9,35000
individual,MORTGAGE,9.43,7600
individual,MORTGAGE,19.42,16000
individual,OWN,11.99,2400
individual,OWN,9.43,36000
individual,RENT,7.35,36000
individual,OWN,12.62,30000
individual,OWN,7.34,10000
individual,OWN,17.09,12500
individual,MORTGAGE,15.04,22000
joint,RENT,21.45,32000
individual,OWN,7.97,10000
individual,MORTGAGE,14.08,3600
individual,MORTGAGE,17.47,27625
individual,RENT,9.43,16000
individual,OWN,9.43,16000
individual,MORTGAGE,7.97,10000
individual,MORTGAGE,9.44,10000
individual,RENT,13.58,10000
individual,MORTGAGE,12.62,2500
individual,MORTGAGE,12.62,24000
joint,RENT,22.91,6650
individual,MORTGAGE,14.07,20000
individual,MORTGAGE,7.96,10000
individual,OWN,14.07,14000
individual,OWN,6.72,16000
individual,MORTGAGE,10.9,8000
individual,RENT,11.99,4000
individual,MORTGAGE,10.9,20000
individual,OWN,9.44,8000
individual,RENT,5.31,15000
joint,MORTGAGE,11.99,5000
individual,RENT,6.08,3200
joint,MORTGAGE,5.32,30000
individual,MORTGAGE,16.02,24000
individual,RENT,15.05,5000
individual,OWN,20.39,10000
individual,MORTGAGE,6.72,5000
individual,RENT,15.05,13000
individual,RENT,9.93,20000
individual,MORTGAGE,10.9,15000
individual,OWN,9.93,5500
individual,MORTGAGE,6.72,7200
individual,RENT,18.45,10000
individual,RENT,26.77,15000
individual,MORTGAGE,18.06,6000
individual,MORTGAGE,6.07,21600
joint,OWN,14.08,10000
individual,MORTGAGE,7.34,4500
joint,RENT,12.61,10000
individual,RENT,9.92,8400
individual,RENT,17.09,30000
individual,RENT,6.71,5000
individual,MORTGAGE,7.35,16000
individual,MORTGAGE,9.93,36000
individual,RENT,7.34,12000
individual,MORTGAGE,16.01,35000
individual,MORTGAGE,7.35,15000
individual,RENT,9.92,13700
individual,MORTGAGE,6.71,9600
joint,MORTGAGE,10.91,24000
individual,OWN,11.98,10000
individual,RENT,19.03,25000
individual,OWN,16.02,10000
joint,MORTGAGE,9.92,5500
individual,MORTGAGE,7.34,7500
individual,MORTGAGE,10.42,40000
individual,MORTGAGE,19.42,22000
individual,RENT,6.08,7000
individual,MORTGAGE,9.92,16000
individual,MORTGAGE,10.91,26000
individual,RENT,14.08,32000
individual,MORTGAGE,6.71,7500
individual,MORTGAGE,7.35,4800
individual,RENT,18.06,10000
individual,MORTGAGE,13.58,4000
individual,MORTGAGE,7.97,8000
individual,MORTGAGE,13.58,6000
individual,RENT,11.99,20000
individual,OWN,7.97,8000
joint,MORTGAGE,6.07,25000
individual,MORTGAGE,9.92,30000
individual,OWN,5.31,5000
individual,RENT,15.05,15000
joint,MORTGAGE,7.34,40000
individual,MORTGAGE,9.93,30000
individual,MORTGAGE,25.82,20000
individual,MORTGAGE,7.34,15000
individual,RENT,5.31,20000
individual,RENT,15.04,12000
individual,MORTGAGE,9.43,19000
individual,MORTGAGE,5.31,8000
individual,OWN,10.41,6500
individual,MORTGAGE,18.06,30000
individual,OWN,14.08,5000
individual,RENT,10.41,12000
individual,RENT,15.04,1200
individual,MORTGAGE,7.97,36475
individual,RENT,25.81,20000
individual,MORTGAGE,13.59,40000
individual,MORTGAGE,21.85,18000
individual,MORTGAGE,6.72,4000
individual,MORTGAGE,20.39,24000
joint,MORTGAGE,12.61,35000
individual,OWN,9.92,10000
joint,RENT,7.34,25000
individual,MORTGAGE,7.34,12500
individual,RENT,9.44,2800
individual,MORTGAGE,16.02,20000
joint,MORTGAGE,9.92,22400
individual,OWN,9.92,40000
individual,OWN,13.59,12600
individual,RENT,17.09,10000
individual,MORTGAGE,14.08,20000
joint,MORTGAGE,18.06,20000
joint,RENT,17.09,20000
joint,RENT,21.45,35500
joint,MORTGAGE,18.06,12000
individual,MORTGAGE,14.08,35000
individual,RENT,5.31,18000
individual,RENT,17.09,10000
individual,MORTGAGE,10.42,6025
individual,RENT,5.31,15000
individual,MORTGAGE,15.05,14000
individual,RENT,10.91,6000
joint,MORTGAGE,9.44,40000
individual,MORTGAGE,9.44,10000
joint,OWN,5.32,40000
individual,OWN,7.35,28000
individual,RENT,6.08,10450
individual,RENT,17.09,5000
joint,MORTGAGE,7.96,12000
joint,RENT,7.97,10000
individual,MORTGAGE,9.43,12000
individual,MORTGAGE,26.77,30000
individual,RENT,5.31,20000
joint,OWN,9.43,12000
individual,MORTGAGE,6.07,40000
individual,RENT,12.62,40000
individual,RENT,13.59,6400
individual,RENT,7.96,8000
individual,MORTGAGE,14.08,2000
individual,MORTGAGE,13.58,30000
individual,RENT,21.45,10900
individual,OWN,13.58,4000
individual,RENT,19.03,6500
individual,RENT,7.96,10500
joint,MORTGAGE,7.96,12000
individual,RENT,6.72,2000
individual,OWN,18.45,10000
individual,MORTGAGE,11.98,28500
joint,RENT,17.09,24000
joint,MORTGAGE,9.44,5000
individual,MORTGAGE,7.34,28000
individual,MORTGAGE,11.98,19725
individual,RENT,19.03,7000
individual,RENT,9.92,12000
individual,OWN,20.0,12000
individual,RENT,7.34,20000
individual,RENT,7.97,11200
individual,MORTGAGE,9.44,1700
individual,MORTGAGE,5.32,40000
individual,RENT,15.05,10000
individual,OWN,19.03,20000
individual,MORTGAGE,12.62,9600
individual,MORTGAGE,5.32,28000
individual,MORTGAGE,6.72,15000
individual,MORTGAGE,5.32,20000
individual,OWN,11.99,15000
individual,MORTGAGE,12.61,40000
individual,MORTGAGE,6.07,10000
individual,MORTGAGE,11.99,20000
individual,RENT,16.02,25000
individual,RENT,15.05,8400
joint,MORTGAGE,13.59,10000
individual,MORTGAGE,11.98,7000
individual,MORTGAGE,15.05,28000
individual,OWN,18.45,5200
individual,MORTGAGE,15.04,20000
individual,MORTGAGE,15.04,30000
individual,MORTGAGE,7.35,16000
individual,RENT,9.44,18000
joint,MORTGAGE,16.02,21000
individual,OWN,14.07,5000
individual,OWN,28.72,30000
joint,MORTGAGE,19.03,30000
individual,MORTGAGE,9.92,18000
individual,RENT,22.91,1000
individual,MORTGAGE,7.35,25000
individual,MORTGAGE,18.45,3000
joint,RENT,15.05,20000
individual,MORTGAGE,23.88,30000
individual,OWN,10.9,2500
individual,MORTGAGE,6.08,10000
joint,MORTGAGE,10.9,12000
joint,RENT,21.85,35000
individual,MORTGAGE,6.72,8000
individual,MORTGAGE,13.58,30000
individual,RENT,13.58,25000
individual,RENT,15.04,8000
joint,RENT,9.44,20000
individual,RENT,17.47,9000
joint,MORTGAGE,15.05,20000
individual,MORTGAGE,25.81,30000
individual,RENT,20.39,28000
individual,RENT,13.58,16000
individual,RENT,9.93,16000
individual,MORTGAGE,15.05,6000
individual,RENT,18.45,12500
joint,MORTGAGE,15.04,15000
individual,MORTGAGE,16.02,40000
individual,OWN,14.07,10000
joint,MORTGAGE,14.07,35000
individual,RENT,7.97,9000
individual,MORTGAGE,13.59,25000
individual,RENT,15.05,13500
joint,MORTGAGE,16.02,12000
individual,OWN,12.62,20000
individual,RENT,9.43,30000
individual,RENT,12.62,25000
individual,RENT,11.98,25000
individual,RENT,13.59,40000
individual,OWN,6.08,40000
individual,MORTGAGE,10.41,20000
individual,RENT,13.59,7500
individual,RENT,28.72,17000
joint,RENT,7.35,35000
individual,MORTGAGE,10.9,12000
joint,MORTGAGE,7.34,16500
individual,RENT,10.42,10000
individual,MORTGAGE,12.62,10000
individual,RENT,9.93,2500
individual,MORTGAGE,13.58,20000
individual,RENT,17.47,35000
individual,RENT,12.61,15000
individual,OWN,9.43,30000
individual,MORTGAGE,12.62,21000
individual,OWN,9.93,14000
individual,MORTGAGE,15.05,15000
individual,RENT,25.81,11200
individual,MORTGAGE,7.34,25000
individual,MORTGAGE,10.42,12000
individual,MORTGAGE,5.31,10000
individual,MORTGAGE,12.62,21000
individual,MORTGAGE,20.0,16000
individual,MORTGAGE,10.91,40000
individual,MORTGAGE,12.62,16800
individual,MORTGAGE,5.31,7000
individual,MORTGAGE,11.98,20000
individual,RENT,7.96,14400
individual,MORTGAGE,14.07,30000
individual,RENT,14.08,8000
individual,MORTGAGE,9.44,5000
individual,MORTGAGE,13.59,10000
individual,OWN,22.91,5000
individual,MORTGAGE,6.08,4000
joint,RENT,6.72,15000
individual,MORTGAGE,16.01,37000
individual,RENT,18.06,10000
individual,MORTGAGE,14.07,19000
individual,OWN,10.42,35000
individual,MORTGAGE,5.32,40000
individual,MORTGAGE,10.41,10000
individual,MORTGAGE,11.98,20000
individual,RENT,16.02,37000
individual,MORTGAGE,5.32,18000
individual,MORTGAGE,5.31,40000
individual,OWN,16.01,16000
individual,RENT,11.99,10000
individual,MORTGAGE,9.92,25000
individual,RENT,11.98,14000
individual,RENT,11.99,24000
joint,MORTGAGE,7.97,40000
individual,RENT,7.34,12000
individual,OWN,6.71,6000
individual,RENT,9.92,20000
individual,MORTGAGE,9.92,11000
individual,RENT,9.44,11500
individual,MORTGAGE,7.97,7500
individual,RENT,10.91,6000
individual,RENT,10.91,10000
individual,MORTGAGE,9.44,7500
individual,MORTGAGE,23.87,25000
joint,RENT,18.45,6600
individual,OWN,10.41,15500
individual,MORTGAGE,19.42,25000
individual,MORTGAGE,13.58,2000
individual,RENT,9.92,4000
individual,RENT,16.02,5000
individual,OWN,23.88,10000
individual,OWN,10.91,6000
individual,RENT,13.59,15000
individual,MORTGAGE,10.9,18000
joint,MORTGAGE,14.08,24000
individual,MORTGAGE,19.03,25350
individual,OWN,14.07,15600
individual,RENT,10.91,15000
individual,OWN,10.91,10000
individual,RENT,18.06,13500
individual,RENT,9.93,6000
individual,RENT,24.85,12800
individual,MORTGAGE,10.42,30000
individual,MORTGAGE,11.98,20000
individual,RENT,5.32,4000
individual,MORTGAGE,21.45,24000
individual,RENT,14.08,25000
individual,RENT,6.72,20000
individual,OWN,15.05,18000
individual,MORTGAGE,9.43,7000
individual,MORTGAGE,19.42,24000
individual,MORTGAGE,10.91,16000
joint,MORTGAGE,14.08,25000
individual,MORTGAGE,9.92,7000
individual,MORTGAGE,9.92,4200
individual,RENT,11.99,4800
individual,RENT,9.44,16000
individual,MORTGAGE,9.43,15000
individual,MORTGAGE,7.35,1500
individual,OWN,15.05,20000
individual,MORTGAGE,11.99,11700
individual,RENT,9.44,35000
joint,OWN,9.92,15000
individual,MORTGAGE,12.62,13150
individual,RENT,14.08,20000
individual,MORTGAGE,10.41,17400
individual,RENT,24.84,14000
individual,RENT,13.59,25000
joint,MORTGAGE,17.09,8425
individual,RENT,6.07,4000
individual,MORTGAGE,9.43,28000
individual,RENT,6.08,15850
individual,RENT,7.97,4200
individual,OWN,16.01,16000
individual,RENT,9.92,40000
individual,MORTGAGE,15.04,24000
individual,MORTGAGE,7.96,12500
individual,MORTGAGE,15.05,15000
individual,RENT,9.43,5000
joint,MORTGAGE,20.0,30000
joint,RENT,17.09,2000
individual,MORTGAGE,14.07,17000
individual,MORTGAGE,10.42,22500
individual,MORTGAGE,12.62,24000
individual,RENT,15.04,16000
joint,MORTGAGE,10.42,24000
individual,RENT,18.45,25600
individual,RENT,22.91,7100
joint,MORTGAGE,6.08,12000
joint,MORTGAGE,16.01,35000
joint,MORTGAGE,7.35,20000
individual,MORTGAGE,11.98,6000
individual,MORTGAGE,7.34,5000
individual,MORTGAGE,16.02,5600
individual,RENT,17.47,20000
individual,RENT,20.0,25000
individual,MORTGAGE,10.41,20000
individual,RENT,12.62,35000
individual,MORTGAGE,9.44,14000
individual,RENT,10.9,2500
individual,MORTGAGE,7.35,10000
joint,RENT,5.32,15000
individual,RENT,17.09,32000
individual,MORTGAGE,5.31,6000
individual,OWN,10.9,17000
individual,MORTGAGE,9.92,5000
individual,MORTGAGE,6.71,10000
individual,RENT,9.43,4500
individual,MORTGAGE,25.82,11000
individual,MORTGAGE,16.02,40000
individual,RENT,6.72,10000
individual,MORTGAGE,10.9,19000
individual,RENT,7.97,7500
individual,MORTGAGE,13.59,4800
individual,MORTGAGE,11.98,18000
individual,MORTGAGE,12.61,8000
individual,MORTGAGE,7.97,15000
individual,MORTGAGE,12.62,32000
individual,RENT,10.91,40000
individual,MORTGAGE,12.62,10000
individual,MORTGAGE,14.08,7200
individual,RENT,6.08,30000
joint,MORTGAGE,12.61,9500
individual,MORTGAGE,20.0,20000
joint,RENT,12.62,23200
joint,MORTGAGE,7.34,19000
individual,MORTGAGE,7.35,35000
individual,OWN,12.62,6000
individual,MORTGAGE,22.9,35000
individual,MORTGAGE,16.02,12000
individual,RENT,15.05,10800
individual,MORTGAGE,21.45,10000
individual,RENT,6.72,14000
individual,MORTGAGE,9.93,30000
individual,RENT,13.58,13000
individual,RENT,11.98,8000
individual,MORTGAGE,5.32,40000
individual,MORTGAGE,10.9,40000
individual,MORTGAGE,12.61,20000
individual,RENT,18.06,35000
individual,MORTGAGE,10.42,25000
individual,MORTGAGE,10.91,40000
individual,MORTGAGE,24.85,10000
individual,RENT,11.98,5000
individual,MORTGAGE,11.99,30000
joint,MORTGAGE,7.97,8500
joint,MORTGAGE,19.42,10000
individual,MORTGAGE,12.61,40000
individual,OWN,19.03,9000
individual,OWN,6.72,10000
individual,RENT,20.0,20000
individual,OWN,12.61,36000
individual,RENT,15.05,5000
individual,MORTGAGE,9.44,15000
individual,RENT,10.42,10000
joint,RENT,11.98,20000
individual,MORTGAGE,10.42,6500
individual,MORTGAGE,9.92,16000
individual,MORTGAGE,9.92,12000
joint,RENT,24.85,15200
individual,RENT,12.62,8000
individual,MORTGAGE,14.07,22000
individual,MORTGAGE,18.45,8000
joint,MORTGAGE,16.01,20000
individual,MORTGAGE,6.07,7000
individual,RENT,6.71,10000
individual,MORTGAGE,13.59,12000
individual,MORTGAGE,7.34,4400
individual,RENT,6.72,7000
individual,MORTGAGE,5.31,25000
individual,OWN,9.44,40000
individual,MORTGAGE,10.91,24000
individual,MORTGAGE,10.41,35000
individual,OWN,11.99,20000
joint,MORTGAGE,9.93,5500
individual,RENT,14.08,8600
joint,RENT,9.93,18000
individual,MORTGAGE,16.02,18000
joint,MORTGAGE,20.39,28225
individual,MORTGAGE,30.65,24100
individual,RENT,11.99,4200
individual,MORTGAGE,7.35,12950
individual,RENT,26.3,19200
joint,MORTGAGE,21.45,16800
individual,MORTGAGE,13.59,30000
individual,RENT,18.45,10000
joint,MORTGAGE,11.99,22000
individual,MORTGAGE,12.61,26500
individual,MORTGAGE,10.41,6500
individual,RENT,25.82,6000
individual,RENT,15.05,21000
individual,RENT,9.43,7300
individual,MORTGAGE,12.62,20000
individual,MORTGAGE,21.45,6000
individual,RENT,11.99,40000
individual,MORTGAGE,16.02,30000
individual,OWN,20.39,20000
individual,MORTGAGE,19.42,18000
individual,MORTGAGE,9.44,12000
individual,RENT,15.05,15000
joint,RENT,10.9,40000
individual,OWN,7.35,6000
joint,RENT,24.84,25200
individual,MORTGAGE,7.35,3600
individual,MORTGAGE,14.07,15000
individual,RENT,11.99,5000
individual,MORTGAGE,11.99,20000
individual,MORTGAGE,7.97,10000
individual,OWN,28.72,28900
individual,MORTGAGE,5.32,40000
individual,MORTGAGE,9.43,12000
individual,RENT,10.41,1000
individual,MORTGAGE,12.61,14000
individual,MORTGAGE,7.34,10000
individual,MORTGAGE,9.93,25600
individual,MORTGAGE,26.77,24875
individual,RENT,10.9,22000
individual,MORTGAGE,24.85,10000
individual,MORTGAGE,20.0,7500
individual,RENT,18.06,30000
individual,RENT,12.61,4800
individual,MORTGAGE,18.45,32000
joint,MORTGAGE,14.08,25000
individual,RENT,13.59,10000
individual,MORTGAGE,10.42,35000
individual,MORTGAGE,10.42,25000
individual,RENT,9.92,40000
individual,MORTGAGE,11.98,20000
individual,RENT,6.71,7900
individual,RENT,9.43,40000
individual,MORTGAGE,25.82,22000
individual,RENT,13.59,6500
joint,MORTGAGE,15.05,8000
individual,OWN,13.59,9600
individual,RENT,5.32,10000
individual,RENT,24.84,8000
joint,MORTGAGE,12.62,18500
joint,MORTGAGE,12.62,22800
individual,MORTGAGE,24.84,28500
individual,MORTGAGE,6.07,12000
individual,OWN,17.47,35000
joint,RENT,17.47,30000
individual,OWN,16.02,20000
individual,MORTGAGE,7.34,5000
individual,RENT,12.62,20000
individual,RENT,10.9,10000
individual,MORTGAGE,7.35,32000
individual,MORTGAGE,13.59,3000
individual,OWN,6.08,9000
individual,RENT,5.32,12500
individual,MORTGAGE,18.06,20000
individual,RENT,9.93,10000
individual,RENT,20.39,11000
individual,RENT,17.47,13000
individual,MORTGAGE,9.44,17500
individual,OWN,11.98,21650
individual,OWN,12.62,12000
individual,MORTGAGE,9.92,22000
joint,MORTGAGE,10.42,26000
individual,MORTGAGE,11.99,14000
individual,MORTGAGE,10.42,5000
individual,RENT,14.08,7000
individual,MORTGAGE,10.41,3500
individual,RENT,12.61,4800
individual,MORTGAGE,12.61,36000
individual,MORTGAGE,21.45,14000
individual,RENT,13.58,10000
individual,MORTGAGE,12.61,18000
individual,MORTGAGE,19.42,27250
individual,RENT,14.08,4700
individual,RENT,10.42,40000
individual,MORTGAGE,16.01,7500
individual,RENT,18.06,16000
joint,OWN,15.05,30000
individual,MORTGAGE,9.43,8000
individual,MORTGAGE,10.42,21000
individual,MORTGAGE,14.08,10000
individual,MORTGAGE,10.91,10000
individual,RENT,18.45,12000
individual,RENT,10.41,20000
individual,RENT,10.91,25200
individual,OWN,9.92,10000
individual,RENT,7.34,5000
individual,MORTGAGE,30.17,11400
individual,MORTGAGE,19.03,25000
individual,RENT,7.97,12000
individual,RENT,12.62,18000
individual,RENT,9.93,6000
individual,MORTGAGE,5.31,20000
individual,OWN,10.42,12000
individual,RENT,10.91,8500
individual,OWN,10.42,4500
individual,MORTGAGE,10.91,40000
individual,MORTGAGE,12.62,40000
individual,MORTGAGE,9.92,4200
individual,MORTGAGE,9.92,32925
individual,RENT,20.0,12000
individual,RENT,19.42,1500
individual,RENT,6.71,6000
individual,MORTGAGE,14.07,25000
individual,MORTGAGE,14.08,12500
individual,MORTGAGE,6.72,23100
individual,OWN,6.08,35000
individual,RENT,11.98,30000
individual,MORTGAGE,25.82,18000
individual,MORTGAGE,19.03,11700
individual,RENT,6.71,4000
joint,OWN,16.02,25000
individual,MORTGAGE,9.44,15000
individual,RENT,14.07,18000
individual,RENT,18.45,1500
individual,RENT,9.93,10000
individual,MORTGAGE,17.09,10000
individual,MORTGAGE,11.98,8000
individual,RENT,7.97,30000
individual,MORTGAGE,10.9,30000
individual,RENT,16.01,12000
individual,MORTGAGE,15.04,35000
individual,RENT,20.0,30000
individual,RENT,14.07,5000
individual,OWN,10.91,1700
individual,MORTGAGE,10.41,10000
individual,MORTGAGE,10.9,35000
individual,RENT,6.71,12000
joint,RENT,11.99,15600
individual,RENT,16.01,23075
joint,MORTGAGE,10.9,4200
joint,MORTGAGE,13.59,24000
individual,RENT,13.58,10000
individual,RENT,15.05,6425
individual,MORTGAGE,7.34,10000
individual,MORTGAGE,9.93,20000
individual,MORTGAGE,15.05,6400
individual,MORTGAGE,6.72,35000
individual,MORTGAGE,7.35,14000
individual,RENT,13.59,10000
individual,RENT,12.62,30000
joint,MORTGAGE,17.09,21000
individual,RENT,10.42,40000
individual,RENT,21.85,18000
individual,MORTGAGE,18.45,23000
individual,OWN,14.08,10000
individual,RENT,5.32,40000
individual,RENT,12.62,4200
individual,RENT,17.47,10000
joint,OWN,19.42,15000
individual,MORTGAGE,16.01,30000
individual,RENT,11.98,4800
individual,MORTGAGE,6.72,20000
individual,RENT,9.43,18000
individual,RENT,13.59,3200
individual,RENT,6.72,12000
individual,MORTGAGE,9.44,10000
individual,MORTGAGE,11.98,10000
individual,RENT,11.99,5000
individual,OWN,7.35,5000
individual,RENT,13.59,15000
individual,MORTGAGE,7.96,16000
individual,RENT,20.39,4000
individual,RENT,13.58,40000
individual,MORTGAGE,6.72,20000
individual,MORTGAGE,20.0,30000
individual,MORTGAGE,9.92,6000
individual,RENT,16.02,16100
individual,MORTGAGE,18.06,15000
individual,MORTGAGE,17.47,20000
joint,MORTGAGE,16.01,35000
joint,MORTGAGE,13.59,10000
individual,MORTGAGE,9.43,40000
individual,RENT,5.31,9000
individual,RENT,21.45,20000
individual,MORTGAGE,5.32,29000
joint,MORTGAGE,17.47,19300
individual,MORTGAGE,12.62,20000
individual,MORTGAGE,18.45,15000
joint,MORTGAGE,20.0,28000
joint,OWN,6.08,3000
joint,RENT,9.93,20000
individual,MORTGAGE,7.35,20000
individual,OWN,9.92,20000
individual,MORTGAGE,16.01,27000
individual,RENT,15.05,19000
joint,OWN,14.08,28000
individual,OWN,13.58,25000
individual,RENT,10.9,3800
individual,MORTGAGE,6.72,19000
individual,OWN,9.93,14000
individual,MORTGAGE,12.61,6000
joint,RENT,18.45,10400
individual,RENT,7.97,10000
individual,OWN,20.0,4000
individual,RENT,26.77,25000
individual,MORTGAGE,6.72,12000
individual,OWN,14.08,15000
individual,MORTGAGE,9.44,15000
individual,MORTGAGE,16.02,10000
individual,MORTGAGE,13.59,11000
individual,RENT,10.9,1800
individual,MORTGAGE,19.03,1000
joint,MORTGAGE,10.91,21000
individual,MORTGAGE,12.62,8000
individual,RENT,16.01,14400
individual,RENT,11.99,8000
individual,MORTGAGE,12.62,40000
individual,RENT,7.96,40000
individual,MORTGAGE,12.62,35000
joint,MORTGAGE,9.43,13000
individual,OWN,7.34,5000
individual,MORTGAGE,9.93,1200
individual,MORTGAGE,12.62,18000
joint,MORTGAGE,11.98,18500
individual,MORTGAGE,11.98,16000
individual,MORTGAGE,20.0,10000
joint,RENT,9.93,35000
individual,MORTGAGE,7.97,19000
individual,OWN,15.04,25000
individual,MORTGAGE,6.07,13500
individual,MORTGAGE,24.85,24000
individual,RENT,10.9,9600
joint,MORTGAGE,6.08,10000
individual,RENT,11.98,24000
individual,MORTGAGE,16.02,14200
individual,MORTGAGE,14.07,40000
joint,OWN,7.35,7000
individual,RENT,10.42,10000
individual,RENT,20.39,16000
individual,MORTGAGE,9.44,12000
individual,OWN,12.62,7000
individual,RENT,5.31,7000
individual,OWN,13.59,24000
joint,MORTGAGE,14.08,24000
joint,MORTGAGE,9.93,29000
individual,MORTGAGE,14.08,35000
individual,MORTGAGE,16.02,27900
individual,RENT,6.08,3600
individual,MORTGAGE,19.03,16000
individual,OWN,6.07,4800
individual,RENT,7.97,4000
individual,RENT,5.31,7825
individual,MORTGAGE,21.45,18000
joint,MORTGAGE,12.62,8000
individual,MORTGAGE,16.02,12000
individual,MORTGAGE,9.44,40000
individual,MORTGAGE,23.88,12800
individual,MORTGAGE,5.32,10000
individual,MORTGAGE,7.34,20000
individual,RENT,10.9,12000
individual,MORTGAGE,11.98,18000
individual,RENT,9.93,22000
joint,MORTGAGE,19.42,16000
individual,RENT,14.07,35000
individual,RENT,15.04,25000
individual,RENT,7.97,12500
individual,RENT,16.02,15000
individual,RENT,18.06,1000
joint,OWN,10.91,30000
joint,MORTGAGE,9.43,25000
individual,RENT,13.59,5000
individual,MORTGAGE,7.97,3000
individual,RENT,15.04,10000
individual,RENT,25.81,28000
joint,MORTGAGE,19.42,12000
individual,MORTGAGE,24.85,17000
individual,MORTGAGE,29.69,15700
individual,RENT,18.06,15000
individual,RENT,14.07,4800
individual,OWN,17.09,30000
joint,RENT,19.42,30000
joint,MORTGAGE,11.99,36000
individual,RENT,10.9,39275
individual,RENT,11.98,15575
individual,OWN,21.85,10000
individual,MORTGAGE,9.44,6000
individual,RENT,12.62,25375
individual,MORTGAGE,15.05,25000
individual,OWN,7.35,7000
individual,OWN,23.87,22000
individual,OWN,12.61,35000
individual,RENT,9.92,10000
individual,MORTGAGE,15.05,35000
individual,MORTGAGE,9.43,5000
joint,RENT,16.02,32000
individual,RENT,7.34,40000
individual,MORTGAGE,9.43,3000
individual,MORTGAGE,10.9,10400
individual,RENT,23.87,7000
individual,RENT,10.42,24000
individual,RENT,17.09,9600
joint,RENT,6.07,20000
joint,MORTGAGE,9.43,18000
individual,MORTGAGE,13.58,18000
individual,RENT,11.99,40000
individual,RENT,11.98,17500
individual,OWN,5.32,35000
individual,MORTGAGE,12.62,35000
joint,MORTGAGE,15.05,24000
individual,MORTGAGE,7.35,19000
individual,RENT,15.04,20000
individual,RENT,19.42,3600
joint,MORTGAGE,6.71,6000
individual,RENT,5.31,9000
individual,MORTGAGE,12.61,32000
individual,MORTGAGE,9.44,6400
individual,OWN,21.45,30000
individual,MORTGAGE,6.72,17000
individual,OWN,13.58,8000
individual,MORTGAGE,9.93,12000
individual,MORTGAGE,10.42,20000
individual,MORTGAGE,10.42,30000
individual,MORTGAGE,6.71,17500
individual,RENT,9.43,25000
joint,RENT,10.41,40000
individual,MORTGAGE,14.08,30000
individual,OWN,6.72,10000
individual,RENT,12.61,4000
individual,RENT,15.04,3700
individual,RENT,9.92,5000
joint,MORTGAGE,21.85,32000
joint,MORTGAGE,5.32,40000
individual,MORTGAGE,9.92,10000
individual,MORTGAGE,5.31,10000
joint,MORTGAGE,6.07,24000
joint,MORTGAGE,16.02,14000
joint,MORTGAGE,18.06,9000
joint,RENT,20.0,18000
individual,RENT,10.9,36000
individual,MORTGAGE,7.34,25000
joint,MORTGAGE,17.09,25000
joint,MORTGAGE,6.72,11200
individual,MORTGAGE,5.31,5000
individual,RENT,15.05,40000
individual,RENT,11.99,17000
individual,OWN,7.97,7500
joint,RENT,20.0,4075
individual,RENT,10.42,15000
individual,OWN,10.41,1200
individual,RENT,7.96,22000
individual,MORTGAGE,11.98,40000
individual,RENT,9.93,40000
individual,RENT,13.59,3000
individual,OWN,6.07,17000
joint,MORTGAGE,7.96,7200
individual,MORTGAGE,30.17,22000
individual,OWN,7.96,35000
individual,RENT,7.35,3500
individual,OWN,9.43,15000
individual,MORTGAGE,10.91,1000
individual,MORTGAGE,10.42,33000
individual,MORTGAGE,13.59,8400
individual,MORTGAGE,13.58,20000
individual,MORTGAGE,6.08,35000
joint,MORTGAGE,6.08,9975
joint,MORTGAGE,7.97,13000
individual,RENT,19.42,33900
individual,MORTGAGE,14.08,10000
individual,MORTGAGE,13.59,24000
individual,MORTGAGE,18.45,15000
individual,MORTGAGE,16.01,12000
joint,MORTGAGE,13.58,16800
individual,OWN,13.59,4800
joint,OWN,9.93,15000
individual,RENT,12.62,25000
joint,MORTGAGE,30.75,24000
individual,OWN,24.84,23000
individual,RENT,9.93,20000
individual,RENT,13.59,5000
individual,RENT,16.02,15000
joint,OWN,6.08,40000
individual,RENT,15.05,20000
individual,RENT,9.43,15200
joint,MORTGAGE,9.93,40000
individual,RENT,11.99,4800
individual,MORTGAGE,9.93,7500
individual,RENT,12.61,28000
individual,MORTGAGE,21.45,12800
joint,MORTGAGE,7.34,8400
individual,RENT,13.59,35000
joint,MORTGAGE,13.58,35000
individual,RENT,9.43,17600
joint,MORTGAGE,18.06,18000
individual,RENT,10.42,1800
individual,MORTGAGE,12.62,10000
individual,RENT,6.71,5000
individual,MORTGAGE,7.96,10000
individual,MORTGAGE,7.34,6000
individual,RENT,13.58,30000
individual,RENT,10.9,21000
individual,RENT,10.9,9000
individual,MORTGAGE,6.08,10000
individual,MORTGAGE,5.32,15000
individual,MORTGAGE,6.72,2500
joint,MORTGAGE,9.44,28000
joint,MORTGAGE,14.08,6000
individual,MORTGAGE,11.99,9000
joint,MORTGAGE,9.44,37000
individual,OWN,17.47,6000
joint,RENT,17.09,15000
individual,RENT,14.08,6000
individual,RENT,18.45,4800
individual,MORTGAGE,13.58,32000
individual,MORTGAGE,19.03,13500
individual,MORTGAGE,5.32,10500
individual,RENT,9.92,15000
individual,MORTGAGE,12.62,20000
individual,MORTGAGE,11.99,3000
individual,MORTGAGE,10.9,18000
individual,RENT,7.97,1375
individual,MORTGAGE,11.98,5000
individual,RENT,17.09,1000
individual,MORTGAGE,6.08,30000
individual,RENT,9.93,5000
joint,MORTGAGE,9.44,18000
individual,OWN,7.34,5000
individual,RENT,18.45,12500
individual,MORTGAGE,22.91,5000
individual,MORTGAGE,16.01,28000
individual,RENT,6.71,15250
joint,OWN,10.91,29450
individual,RENT,17.47,6800
individual,RENT,26.3,4375
joint,MORTGAGE,7.97,6000
individual,OWN,7.35,20000
individual,RENT,9.43,15000
individual,MORTGAGE,19.03,15000
individual,MORTGAGE,10.41,12000
individual,MORTGAGE,14.08,30550
individual,OWN,15.04,6000
individual,MORTGAGE,10.9,25000
individual,RENT,9.43,15000
individual,OWN,10.91,8000
joint,MORTGAGE,6.08,21000
individual,MORTGAGE,7.97,14000
individual,MORTGAGE,7.34,6000
individual,OWN,20.39,20000
individual,RENT,10.42,10500
individual,MORTGAGE,18.45,10000
individual,MORTGAGE,15.05,30000
individual,MORTGAGE,13.59,12000
individual,MORTGAGE,7.97,7500
individual,RENT,6.08,11000
individual,MORTGAGE,5.32,17000
individual,RENT,15.05,30000
individual,OWN,17.09,4800
joint,MORTGAGE,10.42,15000
individual,RENT,19.03,10000
individual,MORTGAGE,5.32,18000
joint,MORTGAGE,6.08,35000
individual,RENT,9.93,15000
individual,RENT,14.08,9600
individual,RENT,11.99,25000
individual,RENT,7.96,8000
individual,MORTGAGE,9.93,24350
individual,RENT,11.99,14000
individual,MORTGAGE,10.9,30000
individual,OWN,9.93,5000
individual,MORTGAGE,6.72,8000
joint,MORTGAGE,15.05,25800
individual,MORTGAGE,14.08,10000
individual,MORTGAGE,9.92,8500
individual,OWN,15.04,40000
individual,OWN,19.03,1800
individual,RENT,9.43,20000
individual,MORTGAGE,21.45,7775
individual,RENT,10.9,9600
individual,MORTGAGE,11.98,30000
individual,RENT,20.0,10000
individual,MORTGAGE,11.98,20000
individual,MORTGAGE,9.44,37000
joint,MORTGAGE,11.99,15000
joint,MORTGAGE,11.99,10000
individual,MORTGAGE,9.93,14000
individual,MORTGAGE,13.59,5000
individual,MORTGAGE,9.43,4800
individual,RENT,15.04,35000
individual,RENT,16.02,5000
joint,MORTGAGE,17.09,20000
individual,MORTGAGE,10.42,20000
individual,RENT,10.41,10000
joint,MORTGAGE,17.09,22000
individual,RENT,18.06,10800
individual,OWN,16.02,20000
individual,OWN,7.35,11000
individual,MORTGAGE,10.91,25000
joint,RENT,21.45,16000
individual,RENT,6.71,8000
individual,RENT,18.06,15000
individual,RENT,10.42,7500
individual,MORTGAGE,6.08,10000
individual,MORTGAGE,10.9,16000
individual,MORTGAGE,9.93,15000
individual,RENT,28.72,25000
individual,RENT,10.9,9000
individual,RENT,10.9,10000
individual,MORTGAGE,9.93,2000
individual,OWN,7.97,18000
individual,RENT,6.07,7000
individual,MORTGAGE,10.91,20000
individual,MORTGAGE,9.44,10000
joint,MORTGAGE,10.9,35000
individual,MORTGAGE,9.44,28000
individual,RENT,7.97,18000
individual,OWN,20.0,30000
individual,MORTGAGE,12.62,33600
individual,RENT,6.71,6500
individual,MORTGAGE,11.99,3000
individual,RENT,17.09,28000
individual,OWN,15.04,35000
individual,MORTGAGE,11.98,24000
joint,MORTGAGE,6.07,5000
joint,MORTGAGE,21.45,14350
joint,RENT,20.0,4800
individual,MORTGAGE,11.99,10050
joint,MORTGAGE,24.84,40000
joint,MORTGAGE,18.06,10000
individual,MORTGAGE,7.35,12000
individual,MORTGAGE,11.98,10000
individual,MORTGAGE,6.08,4000
individual,OWN,26.3,30000
individual,RENT,15.05,15000
joint,RENT,11.98,9000
individual,MORTGAGE,15.05,29975
individual,RENT,19.03,20000
joint,MORTGAGE,10.91,6000
individual,MORTGAGE,7.96,40000
individual,MORTGAGE,16.02,18000
individual,RENT,5.32,7000
individual,OWN,11.99,5000
individual,RENT,19.42,12000
individual,MORTGAGE,6.71,14500
individual,MORTGAGE,7.34,20000
individual,RENT,6.08,15000
individual,RENT,10.9,15000
individual,MORTGAGE,6.72,10000
individual,MORTGAGE,14.07,35000
individual,MORTGAGE,10.9,40000
individual,OWN,6.72,5000
individual,MORTGAGE,13.58,8000
individual,OWN,10.42,18000
individual,RENT,10.41,13000
individual,MORTGAGE,7.96,7000
individual,OWN,11.98,20000
individual,OWN,11.99,6000
individual,OWN,7.35,8000
joint,MORTGAGE,13.59,28000
individual,OWN,6.08,20000
individual,MORTGAGE,12.61,12000
individual,RENT,12.62,26400
joint,RENT,15.05,35000
individual,RENT,15.05,28000
individual,MORTGAGE,15.04,24000
individual,RENT,9.43,11500
individual,RENT,12.62,5000
individual,MORTGAGE,11.99,23175
individual,RENT,11.99,8000
individual,RENT,14.08,12250
individual,MORTGAGE,5.32,40000
individual,MORTGAGE,14.07,24000
joint,RENT,10.9,6000
individual,MORTGAGE,13.59,34000
individual,RENT,18.45,4000
individual,MORTGAGE,18.06,3000
joint,OWN,6.72,10000
individual,MORTGAGE,19.42,14000
individual,MORTGAGE,9.92,20000
individual,MORTGAGE,10.42,16000
individual,MORTGAGE,7.35,29000
individual,RENT,14.08,35000
individual,RENT,14.08,9600
individual,MORTGAGE,5.31,18000
individual,MORTGAGE,15.05,35000
individual,MORTGAGE,14.08,25000
individual,MORTGAGE,11.99,17000
individual,MORTGAGE,7.96,10000
individual,MORTGAGE,7.96,10000
joint,MORTGAGE,9.44,15000
individual,MORTGAGE,13.58,35000
individual,MORTGAGE,7.34,5000
individual,MORTGAGE,5.31,15000
individual,OWN,6.71,4000
individual,MORTGAGE,5.31,20000
individual,MORTGAGE,11.99,20000
individual,RENT,6.72,10000
individual,RENT,11.99,30000
individual,MORTGAGE,5.32,5000
individual,MORTGAGE,12.61,10000
individual,RENT,10.42,4200
individual,MORTGAGE,23.88,16025
individual,RENT,6.72,10000
individual,MORTGAGE,14.07,10000
individual,OWN,9.44,17000
individual,RENT,17.09,10000
joint,MORTGAGE,12.62,28800
individual,MORTGAGE,19.42,30000
individual,RENT,10.91,10000
individual,RENT,14.08,16000
individual,MORTGAGE,6.72,10000
individual,RENT,10.42,10000
individual,MORTGAGE,21.45,35000
joint,RENT,16.01,36000
individual,MORTGAGE,11.98,24000
individual,MORTGAGE,13.58,12000
individual,MORTGAGE,17.47,35000
individual,MORTGAGE,16.02,8000
individual,OWN,5.32,4000
individual,RENT,11.98,3000
individual,RENT,13.59,10000
individual,OWN,14.08,9600
individual,MORTGAGE,9.44,6000
individual,OWN,10.41,16000
individual,MORTGAGE,9.92,10500
individual,OWN,15.05,25000
individual,MORTGAGE,9.44,21600
individual,RENT,12.61,4000
individual,MORTGAGE,21.85,15000
individual,RENT,30.17,22600
individual,RENT,19.42,15000
individual,RENT,10.42,5000
individual,MORTGAGE,14.08,32000
individual,MORTGAGE,11.99,40000
joint,MORTGAGE,6.08,36000
individual,RENT,13.58,8600
individual,RENT,10.42,30000
individual,MORTGAGE,9.93,18200
individual,RENT,10.9,6500
individual,MORTGAGE,14.08,27000
individual,RENT,6.07,25000
individual,RENT,10.91,30000
individual,MORTGAGE,9.44,24000
joint,RENT,26.3,20000
individual,OWN,6.07,10000
individual,OWN,11.99,9000
joint,OWN,9.43,32000
individual,OWN,21.45,20000
individual,RENT,14.08,9500
individual,MORTGAGE,9.44,25000
individual,RENT,17.09,8000
joint,MORTGAGE,21.85,40000
individual,MORTGAGE,17.09,8400
individual,OWN,14.08,10000
individual,OWN,13.58,25000
individual,MORTGAGE,5.32,4000
individual,OWN,12.62,10000
individual,MORTGAGE,9.44,12000
individual,RENT,14.07,28000
individual,RENT,10.9,8000
joint,MORTGAGE,14.08,30000
individual,MORTGAGE,7.97,6400
individual,RENT,14.07,30000
joint,MORTGAGE,13.58,20000
individual,RENT,6.72,10000
individual,RENT,16.02,20000
joint,MORTGAGE,6.07,20000
individual,MORTGAGE,6.72,38400
individual,RENT,5.32,16000
individual,RENT,7.96,5000
individual,RENT,20.39,15000
individual,MORTGAGE,9.93,4500
individual,MORTGAGE,18.06,16000
joint,MORTGAGE,23.88,35000
individual,RENT,20.39,5475
individual,RENT,12.61,6000
individual,RENT,14.08,14400
individual,MORTGAGE,10.41,20000
individual,RENT,19.03,10000
individual,RENT,6.08,10000
individual,OWN,10.91,10000
individual,MORTGAGE,7.35,12000
individual,RENT,6.71,10000
individual,RENT,10.91,10000
individual,RENT,15.04,7200
individual,RENT,12.61,9200
joint,MORTGAGE,7.35,40000
individual,RENT,11.98,15000
individual,MORTGAGE,14.07,18000
individual,MORTGAGE,5.31,3800
joint,MORTGAGE,12.61,35000
individual,MORTGAGE,20.0,3725
individual,OWN,10.9,10000
individual,MORTGAGE,25.82,30000
joint,MORTGAGE,9.44,19100
individual,MORTGAGE,6.08,16000
individual,MORTGAGE,7.96,5000
individual,MORTGAGE,17.09,35000
individual,RENT,10.41,6000
individual,OWN,10.9,15000
individual,MORTGAGE,17.09,18000
individual,RENT,11.98,10000
individual,RENT,13.59,40000
individual,RENT,12.62,3200
individual,RENT,18.06,19200
individual,RENT,6.71,12800
individual,RENT,17.09,10200
individual,MORTGAGE,16.01,26450
individual,RENT,10.42,9000
individual,RENT,18.06,30000
individual,RENT,7.35,15000
joint,MORTGAGE,12.62,20500
individual,MORTGAGE,9.44,18000
individual,MORTGAGE,21.85,20000
joint,MORTGAGE,11.99,30000
individual,RENT,7.97,5000
individual,MORTGAGE,16.01,3600
individual,MORTGAGE,9.44,40000
individual,MORTGAGE,9.44,24000
joint,MORTGAGE,20.39,4000
individual,MORTGAGE,10.9,10000
individual,MORTGAGE,13.58,11000
individual,OWN,18.06,20000
individual,OWN,11.98,40000
individual,RENT,5.31,13500
individual,OWN,7.97,24000
individual,RENT,19.03,30000
individual,RENT,6.07,6000
joint,RENT,14.08,40000
individual,MORTGAGE,10.91,12000
individual,MORTGAGE,6.71,4000
joint,MORTGAGE,10.9,18000
individual,RENT,19.42,9600
individual,MORTGAGE,25.81,30000
joint,RENT,13.59,20000
individual,MORTGAGE,5.31,17575
individual,MORTGAGE,12.62,2600
individual,MORTGAGE,12.61,3500
individual,RENT,10.42,25000
individual,RENT,10.91,15000
joint,MORTGAGE,21.45,13175
individual,MORTGAGE,11.98,20000
individual,RENT,9.93,8550
individual,MORTGAGE,25.82,30750
individual,RENT,10.42,21200
joint,MORTGAGE,19.03,30000
individual,RENT,12.61,15000
individual,MORTGAGE,21.45,25975
individual,RENT,25.82,19000
individual,MORTGAGE,6.71,10000
individual,OWN,16.01,4975
individual,RENT,21.45,5550
individual,RENT,5.32,10500
individual,MORTGAGE,6.72,25000
individual,MORTGAGE,12.62,10000
individual,RENT,9.93,15000
individual,RENT,10.42,16000
individual,RENT,12.62,14000
individual,MORTGAGE,17.09,4000
individual,OWN,28.72,24000
individual,MORTGAGE,6.08,14000
individual,MORTGAGE,10.42,6500
individual,MORTGAGE,16.01,3200
individual,OWN,7.97,15000
individual,OWN,11.99,19000
individual,MORTGAGE,15.05,22000
individual,RENT,21.85,11100
individual,RENT,10.9,8000
individual,MORTGAGE,5.31,23000
individual,RENT,10.42,9000
individual,MORTGAGE,6.07,18000
individual,RENT,7.35,12000
individual,OWN,6.71,4650
individual,MORTGAGE,7.97,18000
individual,MORTGAGE,10.42,6000
individual,MORTGAGE,11.99,40000
individual,OWN,15.05,30000
individual,RENT,28.72,30000
individual,MORTGAGE,6.72,24000
joint,RENT,26.77,9100
individual,MORTGAGE,6.08,7000
individual,RENT,16.01,10000
individual,RENT,19.03,16000
individual,RENT,9.44,20000
individual,MORTGAGE,9.44,40000
individual,MORTGAGE,5.31,40000
individual,OWN,9.43,9000
individual,MORTGAGE,9.43,7800
individual,MORTGAGE,25.82,25000
individual,MORTGAGE,11.98,35000
individual,RENT,7.97,14000
individual,RENT,13.58,40000
individual,MORTGAGE,9.92,13175
individual,MORTGAGE,16.02,5600
joint,MORTGAGE,6.72,25000
joint,MORTGAGE,5.32,25000
individual,OWN,7.35,10000
individual,MORTGAGE,11.99,12500
individual,RENT,11.98,23000
individual,MORTGAGE,10.91,18000
joint,MORTGAGE,9.43,10500
individual,MORTGAGE,6.07,20000
joint,MORTGAGE,19.42,35000
individual,MORTGAGE,5.32,40000
individual,MORTGAGE,14.08,10000
joint,MORTGAGE,6.07,15000
individual,MORTGAGE,15.05,9125
individual,MORTGAGE,11.98,40000
individual,RENT,24.84,12000
individual,MORTGAGE,14.07,8300
individual,MORTGAGE,12.62,17150
individual,OWN,10.9,3000
individual,RENT,17.09,12000
individual,MORTGAGE,14.08,16000
individual,RENT,18.06,11000
joint,MORTGAGE,10.41,35000
individual,MORTGAGE,12.62,23000
individual,MORTGAGE,10.41,12675
individual,OWN,9.44,8000
individual,OWN,10.42,5500
individual,MORTGAGE,10.91,36025
individual,RENT,13.59,20000
joint,OWN,12.62,15000
individual,MORTGAGE,6.08,4500
individual,MORTGAGE,9.44,13000
individual,RENT,14.07,2800
joint,RENT,11.99,12000
individual,MORTGAGE,13.59,20000
individual,OWN,9.44,3000
individual,OWN,7.96,18200
individual,RENT,6.72,10000
joint,MORTGAGE,12.62,16225
joint,MORTGAGE,10.9,3000
individual,RENT,7.34,6000
individual,MORTGAGE,18.06,15000
individual,MORTGAGE,21.45,12000
individual,OWN,6.71,18450
individual,RENT,9.93,5000
joint,MORTGAGE,7.34,16600
individual,RENT,11.99,5000
individual,OWN,9.43,6000
individual,RENT,10.91,10500
individual,OWN,9.92,5000
individual,MORTGAGE,10.41,9000
individual,MORTGAGE,7.34,30000
individual,OWN,11.99,10000
individual,RENT,9.93,8000
individual,RENT,9.93,13000
individual,RENT,17.09,2000
individual,MORTGAGE,6.72,8000
joint,MORTGAGE,6.72,12000
individual,RENT,13.58,14300
individual,MORTGAGE,6.72,12000
joint,MORTGAGE,11.98,20000
joint,MORTGAGE,6.08,2200
individual,MORTGAGE,19.03,35000
joint,MORTGAGE,24.85,17500
individual,MORTGAGE,14.08,3500
individual,RENT,20.39,12000
individual,RENT,10.42,20000
individual,MORTGAGE,10.41,40000
joint,OWN,7.96,25000
individual,MORTGAGE,19.03,35000
individual,MORTGAGE,19.42,25000
individual,MORTGAGE,9.93,3000
individual,RENT,13.58,10000
individual,RENT,10.9,20000
individual,MORTGAGE,7.96,37025
joint,MORTGAGE,10.42,14900
individual,RENT,20.0,21075
joint,MORTGAGE,19.03,20000
individual,RENT,14.07,20000
individual,MORTGAGE,6.08,5000
individual,MORTGAGE,7.97,10000
individual,RENT,23.88,25000
individual,MORTGAGE,10.42,18000
individual,RENT,7.35,12000
individual,MORTGAGE,14.08,5000
individual,OWN,7.35,4800
individual,MORTGAGE,7.35,4900
individual,RENT,13.58,19000
individual,MORTGAGE,16.02,35000
joint,MORTGAGE,25.81,29800
individual,RENT,15.04,5000
individual,OWN,10.42,35000
individual,MORTGAGE,13.59,6000
individual,RENT,14.08,15000
individual,MORTGAGE,6.72,8000
joint,MORTGAGE,20.0,8000
individual,RENT,9.93,18000
individual,MORTGAGE,7.35,35000
joint,MORTGAGE,10.42,15000
joint,MORTGAGE,11.99,30000
joint,MORTGAGE,9.93,35000
individual,RENT,11.99,11500
individual,RENT,10.91,20000
individual,RENT,7.97,9000
individual,RENT,10.9,15000
individual,MORTGAGE,6.08,10000
individual,RENT,19.42,4000
individual,MORTGAGE,13.59,24000
individual,OWN,17.09,7000
individual,OWN,14.07,8000
individual,OWN,20.0,29975
individual,RENT,19.03,1200
individual,MORTGAGE,9.92,20000
joint,OWN,6.07,15000
individual,MORTGAGE,18.45,10000
individual,RENT,7.35,15000
individual,MORTGAGE,7.96,20000
individual,RENT,14.08,30000
individual,MORTGAGE,6.08,8000
individual,MORTGAGE,10.42,12000
joint,MORTGAGE,6.07,10000
individual,MORTGAGE,10.91,11000
individual,RENT,9.92,10000
joint,MORTGAGE,6.08,7000
individual,RENT,9.43,20000
individual,RENT,7.35,30000
individual,RENT,12.61,17500
joint,MORTGAGE,9.93,16000
individual,RENT,15.05,40000
joint,MORTGAGE,13.59,40000
individual,RENT,20.39,5000
individual,RENT,11.98,12000
individual,OWN,15.05,3000
individual,RENT,10.42,4800
individual,RENT,9.93,1550
individual,OWN,20.0,20000
individual,MORTGAGE,11.99,16000
individual,MORTGAGE,14.08,26600
individual,RENT,6.71,4000
individual,RENT,7.97,10000
joint,RENT,14.07,30000
individual,MORTGAGE,5.32,16000
joint,MORTGAGE,17.09,28000
individual,RENT,7.34,20000
joint,MORTGAGE,17.09,12000
individual,MORTGAGE,12.62,25000
individual,MORTGAGE,28.72,28000
individual,OWN,14.08,12000
joint,MORTGAGE,7.35,16550
joint,MORTGAGE,24.84,17600
individual,RENT,25.82,24000
individual,RENT,9.43,5300
individual,OWN,15.05,10000
joint,MORTGAGE,9.92,11000
individual,MORTGAGE,10.42,7500
individual,MORTGAGE,6.72,15000
individual,MORTGAGE,9.92,26275
individual,OWN,12.62,12000
individual,MORTGAGE,19.42,16000
individual,RENT,10.91,10000
individual,OWN,18.45,20000
individual,MORTGAGE,9.44,24000
individual,MORTGAGE,5.31,18000
individual,MORTGAGE,7.34,10000
individual,MORTGAGE,29.69,13500
individual,RENT,16.02,1000
individual,MORTGAGE,6.72,19000
individual,MORTGAGE,25.81,35000
individual,RENT,5.32,11200
individual,MORTGAGE,20.39,28000
individual,MORTGAGE,19.42,10000
individual,OWN,13.59,35000
individual,MORTGAGE,10.91,26000
joint,MORTGAGE,6.71,8000
individual,MORTGAGE,7.34,15000
individual,MORTGAGE,7.96,16000
individual,MORTGAGE,5.31,15000
joint,MORTGAGE,6.72,6000
individual,OWN,6.08,15000
individual,MORTGAGE,18.45,10000
individual,MORTGAGE,13.59,15000
individual,MORTGAGE,10.42,20000
individual,MORTGAGE,9.44,16000
joint,MORTGAGE,9.93,15000
individual,RENT,7.34,6300
joint,MORTGAGE,17.09,32000
individual,MORTGAGE,9.43,30000
individual,RENT,7.97,11000
individual,MORTGAGE,6.08,20000
individual,RENT,10.41,2500
joint,MORTGAGE,17.09,18000
individual,MORTGAGE,10.42,3500
individual,MORTGAGE,10.9,15000
joint,MORTGAGE,7.34,38000
individual,MORTGAGE,9.93,31200
individual,MORTGAGE,16.02,28000
individual,MORTGAGE,9.92,14000
individual,MORTGAGE,11.98,7200
individual,MORTGAGE,6.08,40000
individual,RENT,5.32,22000
individual,MORTGAGE,9.93,36000
individual,MORTGAGE,13.59,30000
individual,RENT,9.44,20000
individual,RENT,10.91,8000
individual,OWN,9.93,15850
individual,RENT,21.85,16000
joint,MORTGAGE,21.85,13425
individual,RENT,10.91,14000
individual,RENT,13.59,32000
individual,OWN,12.61,20000
individual,MORTGAGE,12.62,20000
individual,OWN,16.02,3000
individual,RENT,10.42,5000
individual,RENT,20.0,4800
individual,RENT,13.58,7225
individual,RENT,12.61,15000
individual,RENT,6.08,10000
individual,MORTGAGE,13.58,2400
individual,OWN,7.96,8000
individual,MORTGAGE,11.99,20000
individual,RENT,16.01,8000
individual,MORTGAGE,6.72,24000
individual,RENT,17.09,16000
individual,RENT,14.08,30000
individual,MORTGAGE,7.34,20000
individual,OWN,7.97,4900
individual,RENT,6.72,9000
individual,RENT,15.04,21000
joint,OWN,7.96,5625
individual,RENT,6.08,10000
individual,MORTGAGE,6.08,5000
individual,MORTGAGE,18.45,22875
individual,OWN,7.97,20000
individual,RENT,9.44,24000
individual,RENT,13.58,21125
joint,MORTGAGE,10.42,10000
individual,RENT,7.35,6000
individual,MORTGAGE,10.91,10000
individual,OWN,7.97,24000
individual,OWN,10.41,25000
individual,RENT,21.45,15000
individual,RENT,5.32,15000
individual,MORTGAGE,15.05,14000
individual,RENT,18.45,13200
individual,RENT,12.61,35000
individual,MORTGAGE,21.45,20000
joint,OWN,9.44,12000
individual,MORTGAGE,6.07,18000
individual,MORTGAGE,16.02,11500
individual,RENT,7.34,6000
individual,MORTGAGE,7.96,28000
individual,MORTGAGE,13.58,21675
individual,OWN,9.93,5000
individual,RENT,13.59,13000
individual,RENT,10.41,8800
individual,MORTGAGE,10.41,10000
individual,RENT,21.85,30000
individual,MORTGAGE,9.93,24000
individual,RENT,11.98,7200
individual,RENT,9.44,6000
individual,RENT,6.08,2000
individual,OWN,7.35,20000
individual,MORTGAGE,17.09,2000
joint,RENT,19.03,6000
individual,RENT,15.05,10000
individual,RENT,10.42,4000
individual,RENT,7.96,6000
joint,MORTGAGE,15.05,30000
individual,MORTGAGE,7.97,40000
individual,OWN,13.58,9000
individual,RENT,9.43,9000
individual,RENT,19.03,4200
individual,OWN,9.44,7000
individual,RENT,11.99,6000
joint,MORTGAGE,10.41,6700
individual,RENT,9.92,1000
individual,RENT,7.97,15000
individual,OWN,9.43,18000
individual,RENT,6.72,4000
individual,RENT,15.04,10000
individual,MORTGAGE,9.44,12000
individual,MORTGAGE,10.91,16800
individual,RENT,16.01,15000
individual,MORTGAGE,10.41,23525
individual,RENT,16.01,30025
individual,MORTGAGE,16.02,29175
individual,MORTGAGE,14.08,4725
joint,RENT,20.0,10000
individual,RENT,7.34,7200
individual,MORTGAGE,7.97,5000
individual,MORTGAGE,6.08,40000
individual,OWN,9.43,24000
individual,RENT,11.99,20000
individual,MORTGAGE,15.05,25000
joint,RENT,11.99,25000
individual,MORTGAGE,20.0,15000
individual,OWN,7.35,16000
individual,MORTGAGE,9.43,20000
individual,MORTGAGE,11.99,15000
individual,MORTGAGE,18.45,7500
individual,OWN,15.05,3000
individual,MORTGAGE,9.43,2500
individual,RENT,9.93,10000
individual,RENT,13.59,15600
individual,MORTGAGE,5.32,8000
individual,RENT,16.02,10000
individual,RENT,10.41,8000
individual,RENT,10.42,10000
joint,MORTGAGE,12.62,24000
individual,OWN,7.35,10800
joint,MORTGAGE,9.93,18000
individual,MORTGAGE,11.99,14400
joint,MORTGAGE,13.58,16800
individual,MORTGAGE,5.31,10000
individual,RENT,11.99,12000
individual,RENT,25.82,6000
individual,RENT,11.98,16000
individual,MORTGAGE,5.31,15000
individual,RENT,15.05,16000
joint,MORTGAGE,10.42,28000
individual,MORTGAGE,9.92,30000
individual,RENT,10.42,40000
individual,RENT,12.62,15000
individual,OWN,6.71,25000
individual,MORTGAGE,10.91,7200
individual,RENT,11.99,16800
joint,MORTGAGE,19.03,8000
individual,RENT,13.59,8000
individual,MORTGAGE,6.71,2000
individual,RENT,16.01,6025
individual,MORTGAGE,15.05,10000
individual,RENT,23.88,30000
individual,MORTGAGE,12.61,10000
individual,RENT,22.9,2400
individual,RENT,12.62,32000
individual,RENT,18.45,16000
joint,MORTGAGE,12.62,40000
joint,MORTGAGE,11.99,1500
individual,MORTGAGE,18.06,1000
joint,MORTGAGE,6.72,26000
individual,RENT,17.47,15000
individual,MORTGAGE,6.08,10000
individual,RENT,16.02,23200
individual,MORTGAGE,6.07,38225
individual,RENT,10.42,7500
individual,RENT,20.0,35000
individual,MORTGAGE,5.32,11200
individual,RENT,20.0,12000
individual,MORTGAGE,9.93,13000
individual,RENT,21.45,5000
individual,OWN,11.99,33875
individual,MORTGAGE,14.07,10000
individual,RENT,12.61,4000
individual,MORTGAGE,10.9,7000
individual,MORTGAGE,10.91,40000
individual,MORTGAGE,11.98,15800
individual,MORTGAGE,20.0,30000
individual,MORTGAGE,21.45,18000
individual,MORTGAGE,5.31,6000
individual,MORTGAGE,20.0,8000
individual,MORTGAGE,9.43,12000
individual,RENT,14.08,15000
individual,OWN,5.31,3000
individual,RENT,11.99,7400
individual,MORTGAGE,9.92,12000
individual,MORTGAGE,7.96,25000
individual,MORTGAGE,6.72,32000
individual,RENT,14.07,6300
individual,RENT,20.39,25000
individual,RENT,5.31,3000
individual,MORTGAGE,6.08,10000
individual,MORTGAGE,12.61,6000
individual,RENT,9.93,11000
individual,MORTGAGE,6.08,18500
individual,MORTGAGE,9.44,30000
joint,MORTGAGE,7.97,24000
individual,OWN,10.91,5000
individual,MORTGAGE,13.58,15000
individual,MORTGAGE,20.0,16800
individual,MORTGAGE,7.97,18000
individual,RENT,9.44,5000
individual,RENT,6.72,12500
individual,OWN,7.35,3300
individual,OWN,6.08,8000
individual,MORTGAGE,21.45,7000
individual,RENT,13.59,16000
individual,MORTGAGE,9.92,18000
individual,MORTGAGE,9.93,28550
individual,OWN,16.02,10000
individual,RENT,14.07,4000
individual,RENT,16.01,17000
individual,MORTGAGE,10.91,18000
joint,RENT,5.32,37000
individual,MORTGAGE,6.72,6400
individual,RENT,21.45,12000
individual,RENT,7.96,15000
individual,RENT,10.42,30000
individual,RENT,19.03,7000
joint,OWN,17.09,40000
individual,RENT,18.06,32000
individual,MORTGAGE,10.9,10000
individual,MORTGAGE,16.02,13600
individual,MORTGAGE,7.35,8000
individual,MORTGAGE,7.35,40000
individual,MORTGAGE,19.03,12000
individual,OWN,14.08,20000
individual,MORTGAGE,15.04,28000
individual,MORTGAGE,14.08,12000
individual,RENT,14.08,13150
individual,OWN,12.61,5000
joint,OWN,15.04,5000
individual,MORTGAGE,7.35,18000
individual,MORTGAGE,12.61,12000
joint,MORTGAGE,7.96,14000
individual,MORTGAGE,12.61,35000
individual,OWN,13.59,10000
individual,MORTGAGE,14.08,34800
individual,OWN,9.44,15350
individual,MORTGAGE,13.58,10000
joint,MORTGAGE,12.61,25000
individual,RENT,5.32,16800
individual,MORTGAGE,16.02,16000
individual,RENT,17.09,30000
individual,MORTGAGE,7.35,24000
individual,MORTGAGE,9.92,21000
individual,MORTGAGE,9.93,18000
individual,RENT,9.92,26400
individual,OWN,9.44,5000
individual,MORTGAGE,9.44,12000
individual,RENT,20.0,35000
individual,OWN,17.09,30000
individual,OWN,12.61,28000
individual,MORTGAGE,20.0,15000
joint,MORTGAGE,16.02,14400
individual,OWN,10.9,28675
individual,OWN,15.04,5000
individual,MORTGAGE,10.42,10000
individual,MORTGAGE,6.08,15000
joint,OWN,12.62,10000
individual,OWN,10.9,25000
individual,RENT,13.59,18000
individual,MORTGAGE,11.99,15000
joint,MORTGAGE,19.42,29825
individual,RENT,16.01,12000
individual,RENT,10.41,6000
individual,RENT,7.97,6800
joint,MORTGAGE,10.42,6000
individual,OWN,11.98,6000
individual,RENT,10.42,10000
joint,RENT,12.61,18000
individual,RENT,26.3,25000
individual,RENT,7.97,13000
individual,OWN,7.97,20000
individual,OWN,9.93,15000
individual,MORTGAGE,10.9,10000
individual,MORTGAGE,9.93,2000
individual,OWN,11.98,5000
individual,MORTGAGE,18.45,24000
individual,MORTGAGE,9.93,25000
individual,RENT,5.32,7500
individual,MORTGAGE,6.08,35000
joint,MORTGAGE,9.93,40000
individual,RENT,28.72,35000
individual,MORTGAGE,9.43,19200
individual,RENT,14.08,30000
individual,RENT,13.59,35000
individual,RENT,13.59,32000
individual,RENT,11.99,8000
individual,RENT,7.35,4000
individual,MORTGAGE,6.72,16000
individual,OWN,9.44,10000
individual,RENT,10.42,4000
joint,OWN,11.99,32500
individual,MORTGAGE,10.42,21000
joint,MORTGAGE,10.91,16000
individual,RENT,9.43,10400
individual,MORTGAGE,7.96,28000
individual,RENT,20.39,10800
individual,MORTGAGE,6.72,7200
individual,OWN,17.47,10000
individual,MORTGAGE,7.97,12000
joint,RENT,6.71,31675
individual,OWN,9.93,20000
joint,OWN,12.61,12000
individual,RENT,12.61,10000
individual,MORTGAGE,11.99,15000
individual,RENT,10.41,10000
individual,MORTGAGE,7.97,8000
individual,MORTGAGE,10.42,27650
individual,MORTGAGE,14.08,35000
individual,RENT,13.59,4500
individual,MORTGAGE,22.91,8000
individual,MORTGAGE,6.72,8000
individual,MORTGAGE,18.06,5000
individual,RENT,12.61,40000
individual,RENT,22.9,10000
individual,RENT,14.08,8000
individual,RENT,20.0,21000
individual,MORTGAGE,18.06,30000
joint,MORTGAGE,16.01,4800
individual,RENT,25.82,12000
individual,MORTGAGE,12.62,19225
individual,MORTGAGE,15.05,16000
individual,MORTGAGE,19.42,10000
individual,RENT,18.06,5125
individual,OWN,17.09,35000
individual,MORTGAGE,6.72,5000
individual,OWN,15.04,16500
individual,MORTGAGE,6.71,40000
joint,RENT,10.9,36975
individual,RENT,19.03,1450
individual,OWN,11.98,5500
individual,MORTGAGE,11.99,17300
individual,RENT,12.61,6025
joint,MORTGAGE,7.35,40000
individual,MORTGAGE,7.96,4000
individual,RENT,9.92,21000
joint,MORTGAGE,12.61,23000
individual,MORTGAGE,12.61,18000
individual,MORTGAGE,18.06,30000
individual,RENT,9.92,6000
individual,MORTGAGE,10.41,25000
individual,MORTGAGE,6.08,15000
individual,RENT,13.58,10000
individual,RENT,10.42,7000
individual,RENT,10.9,10000
individual,RENT,6.07,2000
individual,MORTGAGE,10.41,15000
individual,OWN,20.0,30000
individual,MORTGAGE,6.08,20800
joint,MORTGAGE,10.42,40000
individual,RENT,7.96,7000
joint,OWN,20.39,5750
individual,MORTGAGE,16.02,20000
individual,MORTGAGE,10.42,10000
individual,MORTGAGE,15.04,30000
individual,MORTGAGE,19.42,30000
joint,MORTGAGE,7.96,18000
individual,RENT,13.58,40000
individual,OWN,9.43,30000
individual,RENT,16.01,25600
individual,RENT,9.92,32000
joint,MORTGAGE,11.98,10000
individual,MORTGAGE,9.43,40000
individual,MORTGAGE,12.62,10000
individual,MORTGAGE,11.99,29150
individual,MORTGAGE,6.07,10000
joint,MORTGAGE,16.02,30000
individual,MORTGAGE,12.62,15000
individual,MORTGAGE,9.92,16000
individual,RENT,18.45,4400
individual,MORTGAGE,20.39,35000
individual,RENT,21.45,4900
joint,MORTGAGE,6.72,10000
individual,RENT,9.92,10000
joint,MORTGAGE,5.32,30000
individual,RENT,11.99,20000
individual,MORTGAGE,12.61,28000
individual,OWN,14.07,19200
individual,OWN,5.32,10000
individual,MORTGAGE,6.08,35000
individual,RENT,7.97,4200
individual,RENT,18.45,1000
individual,MORTGAGE,6.08,14500
joint,OWN,14.08,40000
individual,OWN,10.91,4000
individual,OWN,10.9,12800
individual,MORTGAGE,9.93,40000
individual,MORTGAGE,5.31,10000
individual,MORTGAGE,10.9,35000
individual,MORTGAGE,9.93,10500
individual,RENT,21.85,8400
individual,MORTGAGE,10.91,6000
individual,RENT,11.98,20000
individual,OWN,12.62,15000
individual,RENT,10.42,10000
individual,MORTGAGE,20.39,7000
individual,MORTGAGE,13.58,17650
individual,RENT,13.59,20000
joint,MORTGAGE,19.03,15050
individual,OWN,10.91,26000
individual,RENT,7.96,5000
individual,RENT,10.41,25000
joint,MORTGAGE,14.08,27000
individual,MORTGAGE,9.93,40000
individual,OWN,21.45,30000
individual,MORTGAGE,14.08,20000
individual,OWN,13.59,40000
individual,RENT,16.01,4800
individual,MORTGAGE,15.05,40000
joint,RENT,11.98,40000
individual,OWN,13.59,20000
individual,MORTGAGE,12.62,5600
individual,OWN,7.97,10000
individual,MORTGAGE,18.45,26000
individual,RENT,13.58,14000
joint,MORTGAGE,14.08,20000
individual,MORTGAGE,10.41,35000
individual,OWN,14.08,25000
individual,RENT,15.04,6000
joint,MORTGAGE,18.06,16000
joint,RENT,24.84,25000
individual,MORTGAGE,16.02,8700
joint,RENT,12.61,19200
individual,MORTGAGE,5.32,30000
individual,RENT,13.59,16000
individual,OWN,9.44,13500
individual,MORTGAGE,7.34,30000
joint,RENT,6.08,7000
individual,RENT,14.07,10000
individual,RENT,15.05,4200
individual,MORTGAGE,19.42,18000
individual,MORTGAGE,6.72,16000
individual,RENT,15.05,10000
individual,MORTGAGE,24.85,20000
individual,MORTGAGE,5.32,25000
individual,MORTGAGE,21.45,7000
individual,MORTGAGE,16.02,16000
individual,RENT,21.45,20000
individual,RENT,18.06,15000
individual,OWN,6.07,4200
individual,RENT,5.32,9600
individual,RENT,12.62,6300
joint,MORTGAGE,10.42,40000
individual,RENT,13.58,19000
individual,MORTGAGE,10.9,20000
individual,MORTGAGE,14.08,11000
individual,MORTGAGE,20.0,24000
individual,RENT,9.92,35000
individual,RENT,10.91,8000
individual,RENT,10.9,3500
individual,RENT,17.09,12800
individual,MORTGAGE,12.62,25500
individual,OWN,10.41,8000
individual,RENT,13.58,8000
individual,RENT,12.61,2000
individual,MORTGAGE,10.41,6700
individual,RENT,6.72,10000
individual,RENT,14.08,20000
individual,MORTGAGE,14.08,10000
individual,MORTGAGE,13.58,20000
individual,OWN,9.44,15000
individual,OWN,6.08,33725
individual,RENT,12.62,8000
individual,MORTGAGE,17.47,6000
individual,RENT,9.44,6300
individual,RENT,11.98,20000
individual,MORTGAGE,9.92,16000
individual,MORTGAGE,7.96,35400
individual,MORTGAGE,7.35,40000
individual,MORTGAGE,5.32,40000
individual,MORTGAGE,17.09,27575
individual,MORTGAGE,14.08,35000
individual,RENT,6.08,15000
individual,MORTGAGE,6.07,15500
individual,MORTGAGE,9.92,40000
joint,MORTGAGE,6.07,26575
individual,RENT,17.09,12000
individual,MORTGAGE,26.3,28000
individual,RENT,5.32,30000
individual,RENT,17.47,3000
individual,MORTGAGE,16.02,25000
individual,MORTGAGE,11.98,34000
individual,MORTGAGE,5.31,40000
individual,RENT,10.41,11000
individual,MORTGAGE,10.9,5500
individual,RENT,6.71,7000
individual,OWN,6.71,9000
individual,OWN,17.09,4000
individual,RENT,14.08,27000
individual,RENT,5.32,7000
individual,MORTGAGE,9.44,25000
individual,OWN,15.05,25000
joint,OWN,7.97,10000
joint,RENT,17.47,12000
joint,MORTGAGE,9.93,40000
individual,MORTGAGE,6.0,24000
individual,RENT,6.08,2400
individual,RENT,18.06,28000
individual,MORTGAGE,5.31,10000
individual,MORTGAGE,14.08,32000
individual,RENT,9.43,8300
individual,MORTGAGE,10.91,28000
individual,OWN,11.98,28000
individual,MORTGAGE,5.32,36000
individual,MORTGAGE,14.07,22500
individual,RENT,16.02,7200
individual,OWN,14.08,12800
individual,MORTGAGE,9.44,8000
individual,MORTGAGE,13.58,30000
individual,OWN,7.34,7200
individual,MORTGAGE,10.42,40000
individual,RENT,9.93,5700
individual,RENT,5.32,5000
individual,MORTGAGE,16.01,16050
individual,MORTGAGE,7.96,3500
individual,RENT,9.43,1200
individual,OWN,5.31,27000
individual,MORTGAGE,12.62,12000
individual,OWN,7.34,12500
individual,OWN,18.06,30000
individual,MORTGAGE,21.45,20000
individual,OWN,14.08,16000
joint,MORTGAGE,16.02,2000
individual,OWN,20.0,25000
individual,MORTGAGE,21.45,35000
individual,MORTGAGE,20.0,3025
individual,RENT,16.01,6000
individual,MORTGAGE,6.72,20000
individual,RENT,19.03,20000
individual,MORTGAGE,15.05,35000
individual,MORTGAGE,7.35,11000
individual,RENT,18.06,20975
individual,RENT,14.08,11775
individual,MORTGAGE,12.61,7500
individual,MORTGAGE,17.09,21000
individual,RENT,15.04,2500
individual,MORTGAGE,12.62,28000
individual,RENT,11.99,4000
individual,OWN,6.08,10000
joint,RENT,29.69,16000
individual,MORTGAGE,7.34,4800
joint,OWN,9.93,18000
individual,MORTGAGE,16.02,12000
individual,MORTGAGE,21.85,10000
individual,RENT,13.59,18000
individual,MORTGAGE,10.91,15000
individual,RENT,9.92,6000
individual,MORTGAGE,12.61,16000
individual,MORTGAGE,11.98,15000
individual,OWN,7.35,25000
individual,MORTGAGE,6.71,22500
individual,RENT,10.91,15000
individual,RENT,10.9,1500
individual,MORTGAGE,9.92,33900
individual,OWN,26.3,10000
joint,RENT,12.62,16000
individual,RENT,12.61,25000
individual,MORTGAGE,14.07,10000
individual,MORTGAGE,10.9,19000
individual,MORTGAGE,18.06,15000
individual,MORTGAGE,15.04,10400
individual,MORTGAGE,20.0,35000
individual,MORTGAGE,9.92,11000
individual,OWN,16.02,3025
individual,MORTGAGE,10.42,40000
individual,OWN,10.9,40000
individual,MORTGAGE,23.88,10000
individual,MORTGAGE,6.08,30000
joint,OWN,19.03,24000
joint,MORTGAGE,7.34,40000
individual,RENT,11.99,10000
individual,RENT,16.02,35000
joint,MORTGAGE,5.31,10000
individual,RENT,21.85,30000
individual,RENT,7.35,18000
joint,MORTGAGE,11.98,20000
individual,RENT,10.91,5400
individual,OWN,9.44,8000
individual,RENT,21.85,12000
individual,OWN,7.34,40000
individual,RENT,11.99,9000
individual,MORTGAGE,11.99,40000
individual,MORTGAGE,5.32,40000
individual,OWN,6.07,15000
joint,MORTGAGE,14.08,5000
individual,OWN,7.35,12000
joint,MORTGAGE,12.62,14000
individual,OWN,18.06,10000
individual,RENT,15.05,7500
individual,MORTGAGE,9.44,20000
individual,RENT,15.05,30000
individual,RENT,9.92,6000
individual,RENT,13.59,26000
individual,RENT,17.47,10800
individual,RENT,10.42,5000
individual,RENT,5.31,40000
individual,RENT,6.07,4000
individual,MORTGAGE,10.41,2750
individual,MORTGAGE,9.93,10000
individual,MORTGAGE,21.45,10000
individual,MORTGAGE,7.35,19000
individual,RENT,6.71,7000
joint,RENT,16.02,8000
individual,MORTGAGE,18.06,6025
individual,MORTGAGE,11.99,8000
individual,OWN,11.99,10000
individual,RENT,14.08,20000
individual,RENT,5.31,12000
individual,MORTGAGE,9.44,8000
individual,MORTGAGE,17.47,6000
joint,MORTGAGE,21.45,31650
joint,MORTGAGE,16.01,10800
individual,RENT,23.87,10000
individual,RENT,9.93,8500
individual,RENT,12.61,6100
individual,OWN,13.59,6000
individual,MORTGAGE,14.08,20000
joint,MORTGAGE,10.42,8000
individual,RENT,11.98,26000
individual,RENT,12.61,10000
individual,RENT,16.02,15000
individual,OWN,9.92,25000
individual,MORTGAGE,15.04,26000
individual,RENT,10.91,4300
individual,RENT,9.92,20000
individual,RENT,13.59,16000
individual,RENT,6.71,10800
individual,MORTGAGE,18.06,21000
individual,RENT,9.44,1600
individual,RENT,16.02,25200
joint,MORTGAGE,10.42,18625
individual,OWN,5.31,32000
individual,OWN,7.34,10000
individual,RENT,10.42,18000
individual,MORTGAGE,17.47,25000
individual,MORTGAGE,26.3,25000
individual,RENT,7.35,16000
individual,RENT,10.91,1700
individual,MORTGAGE,9.43,15000
individual,MORTGAGE,9.93,24000
individual,RENT,7.35,14000
individual,OWN,10.9,35050
individual,RENT,7.96,30000
individual,RENT,13.58,10000
individual,MORTGAGE,6.07,16000
joint,MORTGAGE,6.07,13500
individual,OWN,16.01,10000
individual,MORTGAGE,10.42,31750
individual,RENT,12.62,5000
individual,RENT,6.08,8000
joint,MORTGAGE,10.9,32000
individual,OWN,10.91,21000
individual,MORTGAGE,18.06,11500
individual,RENT,19.03,14000
individual,RENT,5.32,5000
individual,MORTGAGE,14.07,24000
individual,MORTGAGE,15.04,35000
individual,MORTGAGE,13.58,20000
individual,RENT,15.05,6500
individual,RENT,9.43,15000
individual,RENT,10.91,8000
joint,OWN,10.42,25500
individual,MORTGAGE,9.93,11000
individual,MORTGAGE,7.96,12000
individual,MORTGAGE,12.62,25000
individual,RENT,15.05,35000
individual,MORTGAGE,7.96,6500
individual,MORTGAGE,9.43,10400
individual,RENT,11.99,38400
individual,OWN,6.71,16000
individual,RENT,7.34,35000
joint,RENT,6.07,6000
individual,MORTGAGE,7.35,7000
individual,RENT,15.05,20000
individual,RENT,15.04,40000
individual,MORTGAGE,10.42,30000
joint,MORTGAGE,14.08,30000
individual,RENT,5.31,20000
joint,MORTGAGE,6.08,34000
individual,MORTGAGE,13.58,40000
individual,MORTGAGE,7.97,7000
individual,RENT,9.43,10000
individual,MORTGAGE,6.07,10000
individual,MORTGAGE,6.72,16200
individual,MORTGAGE,20.39,13200
individual,MORTGAGE,5.31,20000
joint,MORTGAGE,11.99,12000
individual,RENT,14.07,3800
individual,MORTGAGE,21.45,11000
joint,MORTGAGE,10.42,30000
individual,MORTGAGE,11.98,28000
individual,MORTGAGE,12.61,16000
individual,RENT,7.97,6000
individual,OWN,15.05,25000
joint,MORTGAGE,30.75,32000
individual,MORTGAGE,9.44,13000
individual,RENT,24.84,20000
individual,RENT,10.41,19000
individual,MORTGAGE,14.08,10000
individual,OWN,10.91,12000
individual,OWN,11.98,6500
individual,MORTGAGE,10.9,10000
joint,MORTGAGE,19.42,38000
individual,RENT,7.35,6025
individual,OWN,10.91,32000
individual,MORTGAGE,9.92,25000
individual,RENT,18.45,8000
individual,RENT,15.04,3000
individual,MORTGAGE,13.58,40000
individual,RENT,24.84,4000
individual,MORTGAGE,11.99,30000
individual,RENT,7.97,15000
individual,MORTGAGE,5.31,6300
individual,MORTGAGE,9.93,28000
individual,MORTGAGE,13.59,35000
individual,OWN,9.92,16000
joint,MORTGAGE,17.47,24000
individual,MORTGAGE,7.34,40000
joint,RENT,13.59,23500
individual,OWN,6.71,5000
individual,OWN,10.41,36000
individual,OWN,10.9,10000
individual,RENT,9.43,5000
individual,OWN,6.71,4000
individual,MORTGAGE,5.32,15000
individual,OWN,5.31,13000
individual,MORTGAGE,26.3,19375
individual,RENT,9.43,8000
individual,MORTGAGE,6.72,12600
joint,RENT,14.07,25000
individual,MORTGAGE,18.45,21250
individual,RENT,7.35,13200
joint,MORTGAGE,9.43,28000
individual,OWN,19.03,10000
individual,MORTGAGE,9.44,25000
individual,MORTGAGE,21.45,8000
joint,RENT,10.9,20000
individual,RENT,7.35,5000
individual,RENT,10.9,12000
joint,MORTGAGE,18.45,10000
individual,MORTGAGE,24.84,15000
individual,RENT,9.43,20000
individual,MORTGAGE,10.9,10000
individual,MORTGAGE,11.99,25000
individual,OWN,7.97,10000
individual,MORTGAGE,13.59,9600
individual,MORTGAGE,10.42,20000
individual,MORTGAGE,6.07,2800
individual,RENT,15.04,17000
individual,RENT,19.03,30000
individual,MORTGAGE,9.93,3025
individual,MORTGAGE,9.93,20000
individual,OWN,10.9,20000
individual,MORTGAGE,13.59,15000
individual,MORTGAGE,15.04,17000
individual,MORTGAGE,9.92,20000
individual,RENT,29.69,10000
individual,MORTGAGE,6.07,4000
individual,RENT,7.96,4300
individual,RENT,14.08,16125
individual,OWN,14.08,9600
individual,RENT,10.91,9000
individual,OWN,5.32,3000
joint,RENT,20.0,20000
individual,MORTGAGE,10.91,2400
joint,MORTGAGE,10.42,6800
individual,RENT,7.96,6000
individual,OWN,15.04,1600
individual,MORTGAGE,10.42,30000
individual,MORTGAGE,14.07,14000
individual,RENT,20.39,6400
individual,OWN,6.08,4500
individual,RENT,6.72,27100
individual,RENT,6.07,7500
individual,MORTGAGE,13.59,36000
individual,MORTGAGE,7.35,1975
individual,RENT,7.35,25000
individual,MORTGAGE,15.05,30500
individual,MORTGAGE,15.05,18325
individual,RENT,12.61,19000
individual,RENT,7.96,8000
individual,RENT,15.05,8975
individual,RENT,18.45,20000
joint,MORTGAGE,16.02,7000
individual,MORTGAGE,14.07,20000
individual,MORTGAGE,9.43,14000
individual,MORTGAGE,17.09,25000
individual,RENT,18.45,7000
individual,MORTGAGE,6.08,30000
individual,RENT,9.43,15000
joint,MORTGAGE,9.93,30000
individual,MORTGAGE,9.93,16000
individual,MORTGAGE,9.93,20000
joint,MORTGAGE,21.45,31200
individual,MORTGAGE,7.35,12500
individual,MORTGAGE,6.07,40000
joint,MORTGAGE,9.43,16000
individual,RENT,9.92,3200
individual,RENT,15.05,10000
individual,OWN,9.44,20000
joint,MORTGAGE,11.99,35000
individual,RENT,9.93,23000
individual,MORTGAGE,7.97,5000
individual,RENT,10.41,4800
individual,RENT,7.35,24000
individual,MORTGAGE,19.03,10000
joint,MORTGAGE,23.88,30000
individual,MORTGAGE,5.32,24000
individual,RENT,10.91,12800
